ID_ESTACION,year,max_12_to_16_temp_month_1,max_12_to_16_temp_month_2,max_12_to_16_temp_month_3,max_12_to_16_temp_month_4,max_12_to_16_temp_month_5,max_12_to_16_temp_month_6,min_1_to_5_temp_month_1,min_1_to_5_temp_month_2,min_1_to_5_temp_month_3,min_1_to_5_temp_month_4,min_1_to_5_temp_month_5,min_1_to_5_temp_month_6,SumLightHours_month_1,SumLightHours_month_2,SumLightHours_month_3,SumLightHours_month_4,SumLightHours_month_5,SumLightHours_month_6,MeanLightHours_month_1,MeanLightHours_month_2,MeanLightHours_month_3,MeanLightHours_month_4,MeanLightHours_month_5,MeanLightHours_month_6
0,2015,19.345714285714287,20.41714285714286,23.47142857142857,24.247857142857146,29.128571428571426,35.019999999999996,-0.5885714285714286,2.068571428571429,2.7342857142857144,4.422857142857143,8.262857142857143,18.04,194.0,201.57142857142858,271.42857142857144,293.57142857142856,338.0,13.0,6.258064516129032,7.126143560872625,8.755760368663594,9.785714285714286,10.903225806451614,6.5
0,2016,19.619999999999997,20.46,23.839999999999996,23.875,28.8,34.1,0.020000000000000018,-0.019999999999999997,2.2600000000000002,4.8,4.88,12.440000000000001,188.0,203.0,266.0,288.0,332.0,349.0,6.064516129032258,7.0,8.580645161290322,9.6,10.709677419354838,11.633333333333333
0,2017,16.46,16.94,27.46,26.139999999999997,29.419999999999998,34.54,-3.46,1.3,3.16,5.16,8.5,12.059999999999999,190.0,200.0,272.0,296.0,337.0,356.0,6.129032258064516,7.142857142857143,8.774193548387096,9.866666666666667,10.870967741935484,11.866666666666667
0,2018,20.98,18.46,23.32,22.8,25.68,31.839999999999996,1.7600000000000002,-0.38,-0.3,5.36,6.26,11.9,196.0,200.0,275.0,294.0,338.0,355.0,6.32258064516129,7.142857142857143,8.870967741935484,9.8,10.903225806451612,11.833333333333334
0,2019,17.02,21.82,23.98,24.84,27.380000000000003,36.14,-2.1,1.54,2.54,5.8,6.88,9.72,200.0,200.0,278.0,293.0,339.0,351.0,6.451612903225806,7.142857142857143,8.96774193548387,9.766666666666667,10.935483870967742,11.7
0,2020,17.080000000000002,22.660000000000004,25.76,22.52,30.119999999999997,32.18,1.8399999999999999,4.18,3.7600000000000002,5.0200000000000005,10.5,12.919999999999998,194.0,211.0,275.0,296.0,342.0,353.0,6.258064516129032,7.275862068965517,8.870967741935484,9.866666666666667,11.03225806451613,11.766666666666667
0,2021,23.380000000000003,18.84,21.34,24.22,30.919999999999998,31.7,-1.94,5.180000000000001,2.96,4.1,10.440000000000001,14.080000000000002,195.0,197.0,269.0,293.0,339.0,352.0,6.290322580645161,7.035714285714286,8.67741935483871,9.766666666666667,10.935483870967742,11.733333333333333
0,2022,20.880000000000003,23.740000000000002,18.6,25.34,31.580000000000002,36.94,-0.24000000000000005,2.68,4.76,0.72,10.379999999999999,15.62,195.0,200.0,265.0,295.0,339.0,357.0,6.290322580645161,7.142857142857143,8.548387096774194,9.833333333333334,10.935483870967742,11.9
1,2015,16.845714285714287,18.959999999999997,22.482857142857142,22.868571428571425,28.662857142857142,34.720000000000006,-3.8685714285714283,-0.3457142857142857,0.3714285714285714,2.414285714285714,5.700000000000001,18.54,195.85714285714286,201.71428571428572,270.14285714285717,293.85714285714283,337.14285714285717,13.0,6.317972350230415,7.131597466572836,8.714285714285714,9.795238095238094,10.87557603686636,6.5
1,2016,17.740000000000002,17.939999999999998,23.02,22.7,29.18,34.980000000000004,-2.2,-2.3600000000000003,0.4600000000000001,2.38,3.7,11.459999999999999,189.0,199.0,260.0,286.0,330.0,346.0,6.096774193548387,6.862068965517241,8.387096774193548,9.533333333333333,10.64516129032258,11.533333333333333
1,2017,14.559999999999999,16.419999999999998,26.32,25.54,29.68,36.44,-6.04,-0.64,-0.3,2.3,5.04,11.18,194.0,202.0,272.0,296.0,338.0,349.0,6.258064516129032,7.214285714285714,8.774193548387096,9.866666666666667,10.903225806451612,11.633333333333333
1,2018,17.56,15.679999999999998,21.46,23.259999999999998,24.8,32.68,-2.12,-4.04,-1.36,2.7199999999999998,2.88,9.440000000000001,197.0,200.0,271.0,296.0,337.0,348.0,6.354838709677419,7.142857142857143,8.741935483870968,9.866666666666667,10.870967741935484,11.6
1,2019,14.559999999999999,21.259999999999998,23.18,22.54,27.060000000000002,35.82,-6.24,-0.6,-0.5599999999999999,3.78,4.4399999999999995,8.48,203.0,202.0,276.0,296.0,339.0,347.0,6.548387096774194,7.214285714285714,8.903225806451612,9.866666666666667,10.935483870967742,11.566666666666666
1,2020,14.36,21.34,26.060000000000002,20.02,30.52,33.22,-2.9,1.42,1.34,3.8,8.18,10.48,194.0,213.0,274.0,299.0,339.0,350.0,6.258064516129032,7.344827586206897,8.838709677419354,9.966666666666667,10.935483870967742,11.666666666666666
1,2021,19.580000000000002,18.7,20.3,22.119999999999997,28.660000000000004,30.380000000000003,-4.4399999999999995,3.0799999999999996,0.6599999999999999,3.06,8.280000000000001,12.64,196.0,197.0,269.0,290.0,339.0,348.0,6.32258064516129,7.035714285714286,8.67741935483871,9.666666666666666,10.935483870967742,11.6
1,2022,19.56,21.38,17.04,23.9,30.74,36.42,-3.1399999999999997,0.72,2.36,-1.1400000000000001,7.38,14.1,198.0,199.0,269.0,294.0,338.0,351.0,6.387096774193548,7.107142857142857,8.67741935483871,9.8,10.903225806451612,11.7
2,2015,19.7,21.12857142857143,24.240000000000002,25.03142857142857,30.21142857142857,35.44,-2.685714285714286,0.5685714285714286,1.72,4.08,7.202857142857143,17.9,197.85714285714286,203.42857142857142,272.0,295.14285714285717,338.0,13.0,6.382488479262672,7.192118226600985,8.774193548387096,9.838095238095239,10.903225806451612,6.5
2,2016,19.78,20.3,24.02,24.16,29.580000000000002,34.440000000000005,-4.0,-4.0200000000000005,0.26,1.6599999999999997,2.42,10.139999999999999,190.0,203.0,265.0,290.0,332.0,350.0,6.129032258064516,7.0,8.548387096774194,9.666666666666666,10.709677419354838,11.666666666666666
2,2017,16.74,18.080000000000002,27.96,26.139999999999997,29.839999999999996,35.5,-3.3,1.8,2.8600000000000003,4.5,6.840000000000001,13.959999999999999,196.0,202.0,273.0,296.0,339.0,354.0,6.32258064516129,7.214285714285714,8.806451612903226,9.866666666666667,10.935483870967742,11.8
2,2018,21.2,18.52,24.72,24.580000000000002,26.96,31.6,-0.7,-2.44,0.5800000000000001,5.5,5.779999999999999,11.680000000000001,200.0,201.0,272.0,296.0,338.0,354.0,6.451612903225806,7.178571428571429,8.774193548387096,9.866666666666667,10.903225806451612,11.8
2,2019,17.94,24.080000000000002,24.68,25.880000000000003,29.139999999999997,36.72,-3.96,0.8,0.78,5.18,6.640000000000001,10.42,204.0,204.0,278.0,297.0,340.0,350.0,6.580645161290323,7.285714285714286,8.96774193548387,9.9,10.96774193548387,11.666666666666666
2,2020,17.68,23.419999999999998,27.1,23.580000000000002,30.639999999999997,32.839999999999996,-1.16,2.62,2.46,5.58,10.38,13.319999999999999,198.0,213.0,276.0,299.0,340.0,353.0,6.387096774193548,7.344827586206897,8.903225806451612,9.966666666666667,10.96774193548387,11.766666666666667
2,2021,24.02,20.7,21.5,25.4,32.46,31.3,-3.02,4.12,2.16,4.26,9.64,14.2,197.0,200.0,271.0,292.0,339.0,352.0,6.354838709677419,7.142857142857143,8.741935483870968,9.733333333333333,10.935483870967742,11.733333333333333
2,2022,20.54,22.8,19.7,25.48,32.86,37.04,-2.66,1.1,2.9400000000000004,1.8800000000000001,8.72,15.440000000000001,200.0,201.0,269.0,296.0,338.0,355.0,6.451612903225806,7.178571428571429,8.67741935483871,9.866666666666667,10.903225806451612,11.833333333333334
3,2015,18.314285714285713,20.082857142857144,23.262857142857143,24.005000000000003,29.157142857142862,35.739999999999995,-2.7628571428571425,0.4828571428571428,1.5857142857142859,3.5228571428571427,6.862857142857142,18.46,194.57142857142858,202.14285714285714,270.57142857142856,293.42857142857144,337.42857142857144,13.0,6.276497695852535,7.1465517241379315,8.72811059907834,9.780952380952382,10.88479262672811,6.5
3,2016,18.56,19.060000000000002,23.94,23.775,30.160000000000004,35.6,-1.3199999999999998,-1.8200000000000003,0.96,3.3,3.96,12.26,188.0,201.0,262.0,288.0,330.0,349.0,6.064516129032258,6.931034482758621,8.451612903225806,9.6,10.64516129032258,11.633333333333333
3,2017,15.74,17.56,27.0,26.5,29.839999999999996,35.0,-4.9399999999999995,0.12,1.86,3.9,6.42,11.82,194.0,202.0,272.0,296.0,339.0,353.0,6.258064516129032,7.214285714285714,8.774193548387096,9.866666666666667,10.935483870967742,11.766666666666667
3,2018,19.64,17.380000000000003,22.419999999999998,23.740000000000002,25.46,31.96,-0.82,-2.8,-0.19999999999999998,4.26,5.319999999999999,11.4,196.0,200.0,274.0,295.0,338.0,352.0,6.32258064516129,7.142857142857143,8.838709677419354,9.833333333333334,10.903225806451612,11.733333333333333
3,2019,16.42,22.32,23.96,23.96,26.860000000000003,36.28,-5.38,-0.3,0.24,4.74,5.4399999999999995,8.58,201.0,202.0,277.0,295.0,338.0,347.0,6.483870967741935,7.214285714285714,8.935483870967742,9.833333333333334,10.903225806451612,11.566666666666666
3,2020,15.440000000000001,21.78,26.24,21.28,30.660000000000004,32.88,-1.4,2.2600000000000002,2.3400000000000003,4.4399999999999995,9.02,11.84,191.0,213.0,274.0,297.0,340.0,352.0,6.161290322580645,7.344827586206897,8.838709677419354,9.9,10.96774193548387,11.733333333333333
3,2021,21.8,19.3,21.2,23.740000000000002,30.04,31.18,-3.8599999999999994,3.8200000000000003,2.12,3.84,9.18,13.76,196.0,197.0,269.0,289.0,339.0,351.0,6.32258064516129,7.035714285714286,8.67741935483871,9.633333333333333,10.935483870967742,11.7
3,2022,20.6,23.18,18.080000000000002,25.04,31.080000000000002,36.22,-1.6199999999999999,2.1,3.78,0.18,8.7,15.440000000000001,196.0,200.0,266.0,294.0,338.0,355.0,6.32258064516129,7.142857142857143,8.580645161290322,9.8,10.903225806451612,11.833333333333334
4,2015,18.3,20.182857142857138,23.691428571428567,24.177142857142858,29.494285714285713,35.54,-3.1571428571428575,-0.07999999999999982,1.1857142857142857,3.494285714285714,6.579999999999999,17.880000000000003,197.0,202.71428571428572,271.57142857142856,294.2857142857143,337.57142857142856,13.0,6.354838709677419,7.166959887403237,8.760368663594468,9.809523809523808,10.889400921658986,6.5
4,2016,18.64,19.48,23.74,24.1,29.580000000000002,35.660000000000004,-1.8199999999999998,-2.92,0.42000000000000004,2.4,3.78,11.559999999999999,191.0,200.0,262.0,289.0,331.0,347.0,6.161290322580645,6.896551724137931,8.451612903225806,9.633333333333333,10.67741935483871,11.566666666666666
4,2017,16.06,17.759999999999998,27.74,26.6,30.1,36.760000000000005,-4.7,-0.27999999999999997,1.1199999999999999,3.66,5.6,12.6,194.0,202.0,273.0,296.0,338.0,351.0,6.258064516129032,7.214285714285714,8.806451612903226,9.866666666666667,10.903225806451612,11.7
4,2018,19.119999999999997,17.119999999999997,23.1,23.54,25.34,32.36,-1.26,-3.66,-0.38,4.04,4.46,10.76,197.0,201.0,274.0,296.0,338.0,352.0,6.354838709677419,7.178571428571429,8.838709677419354,9.866666666666667,10.903225806451612,11.733333333333333
4,2019,16.5,23.0,24.22,24.26,27.939999999999998,36.6,-4.9799999999999995,0.4,0.3,5.14,5.9,9.86,204.0,204.0,277.0,296.0,339.0,349.0,6.580645161290323,7.285714285714286,8.935483870967742,9.866666666666667,10.935483870967742,11.633333333333333
4,2020,15.74,22.02,27.04,21.880000000000003,31.32,33.220000000000006,-2.0,1.8399999999999999,2.1,4.68,9.2,12.02,196.0,214.0,275.0,298.0,340.0,350.0,6.32258064516129,7.379310344827586,8.870967741935484,9.933333333333334,10.96774193548387,11.666666666666666
4,2021,21.759999999999998,19.34,21.619999999999997,23.880000000000003,30.4,31.1,-3.8600000000000003,3.08,1.8,4.0,9.12,13.48,198.0,198.0,270.0,291.0,339.0,350.0,6.387096774193548,7.071428571428571,8.709677419354838,9.7,10.935483870967742,11.666666666666666
4,2022,20.28,22.56,18.38,24.98,31.78,37.58,-3.4799999999999995,0.9800000000000001,2.94,0.54,8.0,14.34,199.0,200.0,270.0,294.0,338.0,353.0,6.419354838709677,7.142857142857143,8.709677419354838,9.8,10.903225806451612,11.766666666666667
5,2015,18.694285714285716,20.074285714285715,23.33142857142857,24.12142857142857,29.294285714285714,36.22,-3.0228571428571427,-0.06571428571428571,1.2200000000000002,3.237142857142857,6.660000000000001,16.34,195.28571428571428,202.0,271.14285714285717,293.14285714285717,337.14285714285717,13.0,6.299539170506912,7.141273750879662,8.746543778801842,9.771428571428572,10.87557603686636,6.5
5,2016,18.3,19.380000000000003,23.68,23.65,30.660000000000004,34.86,-1.8399999999999999,-3.02,-0.06000000000000001,3.18,2.18,10.620000000000001,190.0,202.0,264.0,287.0,331.0,349.0,6.129032258064516,6.9655172413793105,8.516129032258064,9.566666666666666,10.67741935483871,11.633333333333333
5,2017,15.86,17.119999999999997,27.04,26.2,29.9,34.980000000000004,-5.38,-0.3,1.56,3.2600000000000002,6.26,12.16,192.0,201.0,272.0,296.0,338.0,353.0,6.193548387096774,7.178571428571429,8.774193548387096,9.866666666666667,10.903225806451612,11.766666666666667
5,2018,20.28,17.82,22.78,24.14,25.22,32.019999999999996,-0.6,-3.9,-0.82,4.56,5.34,11.16,198.0,200.0,275.0,294.0,337.0,355.0,6.387096774193548,7.142857142857143,8.870967741935484,9.8,10.870967741935484,11.833333333333334
5,2019,17.3,22.48,24.580000000000002,23.919999999999998,26.98,36.8,-6.459999999999999,-1.08,0.7,3.7600000000000002,5.26,7.859999999999999,202.0,201.0,278.0,294.0,338.0,348.0,6.516129032258065,7.178571428571429,8.96774193548387,9.8,10.903225806451612,11.6
5,2020,16.1,21.34,25.74,21.82,30.48,32.46,-0.7,1.86,1.52,3.56,9.4,11.98,192.0,213.0,275.0,296.0,341.0,351.0,6.193548387096774,7.344827586206897,8.870967741935484,9.866666666666667,11.0,11.7
5,2021,22.5,19.240000000000002,21.16,24.06,30.560000000000002,31.02,-3.7600000000000002,3.88,2.68,3.8599999999999994,9.440000000000001,13.66,196.0,197.0,269.0,291.0,338.0,351.0,6.32258064516129,7.035714285714286,8.67741935483871,9.7,10.903225806451612,11.7
5,2022,20.52,23.14,18.34,25.06,31.26,36.67999999999999,-2.42,2.1,2.96,0.48,8.74,15.1,197.0,200.0,265.0,294.0,337.0,355.0,6.354838709677419,7.142857142857143,8.548387096774194,9.8,10.870967741935484,11.833333333333334
6,2015,17.422857142857143,19.674285714285713,22.98857142857143,23.570714285714285,29.16857142857143,35.260000000000005,-3.5657142857142854,0.15142857142857138,0.8257142857142857,2.857142857142857,6.005714285714285,19.02,193.85714285714286,201.0,270.0,292.85714285714283,337.2857142857143,13.0,6.253456221198157,7.106263194933146,8.709677419354838,9.761904761904763,10.880184331797235,6.5
6,2016,18.119999999999997,18.3,23.5,23.175,29.7,35.38,-1.4,-1.5,0.86,3.08,4.220000000000001,11.959999999999999,187.0,199.0,259.0,287.0,330.0,347.0,6.032258064516129,6.862068965517241,8.35483870967742,9.566666666666666,10.64516129032258,11.566666666666666
6,2017,15.280000000000001,17.66,27.119999999999997,26.54,30.580000000000002,36.06,-5.9799999999999995,-0.54,0.06,2.44,4.92,10.66,192.0,201.0,272.0,296.0,338.0,351.0,6.193548387096774,7.178571428571429,8.774193548387096,9.866666666666667,10.903225806451612,11.7
6,2018,18.419999999999998,17.1,21.98,24.2,25.9,33.28,-1.8199999999999998,-3.9200000000000004,-1.1800000000000002,3.6,4.14,9.78,197.0,198.0,275.0,295.0,337.0,348.0,6.354838709677419,7.071428571428571,8.870967741935484,9.833333333333334,10.870967741935484,11.6
6,2019,15.059999999999999,21.64,23.860000000000003,23.5,26.7,36.4,-6.0600000000000005,-0.36,-0.18,4.24,4.64,8.680000000000001,201.0,201.0,276.0,293.0,339.0,347.0,6.483870967741935,7.178571428571429,8.903225806451612,9.766666666666667,10.935483870967742,11.566666666666666
6,2020,14.48,21.64,26.48,20.54,30.76,33.92,-2.3,2.1,2.3400000000000003,4.220000000000001,7.94,10.66,190.0,212.0,273.0,298.0,340.0,349.0,6.129032258064516,7.310344827586207,8.806451612903226,9.933333333333334,10.96774193548387,11.633333333333333
6,2021,19.96,19.04,20.28,22.4,28.98,31.160000000000004,-5.4799999999999995,3.3200000000000003,1.0,3.1399999999999997,8.22,13.459999999999999,195.0,197.0,269.0,288.0,339.0,348.0,6.290322580645161,7.035714285714286,8.67741935483871,9.6,10.935483870967742,11.6
6,2022,20.64,22.34,17.7,24.64,31.560000000000002,36.739999999999995,-1.92,1.9600000000000002,2.88,-0.72,7.960000000000001,14.419999999999998,195.0,199.0,266.0,293.0,338.0,353.0,6.290322580645161,7.107142857142857,8.580645161290322,9.766666666666667,10.903225806451612,11.766666666666667
7,2015,18.928571428571427,20.545714285714286,23.720000000000002,24.476428571428574,29.617142857142856,35.82,-2.9371428571428573,0.41999999999999993,1.56,3.608571428571429,6.7714285714285705,17.1,195.14285714285714,202.28571428571428,271.14285714285717,293.42857142857144,337.2857142857143,13.0,6.2949308755760365,7.151653764954259,8.746543778801842,9.780952380952382,10.880184331797235,6.5
7,2016,18.7,19.52,23.740000000000002,23.875,29.880000000000003,34.42,-1.8199999999999998,-2.62,0.34,2.96,3.0,11.62,189.0,201.0,264.0,288.0,330.0,349.0,6.096774193548387,6.931034482758621,8.516129032258064,9.6,10.64516129032258,11.633333333333333
7,2017,16.32,18.04,27.78,27.060000000000002,30.52,35.58,-4.82,-0.059999999999999984,1.86,3.38,6.0600000000000005,12.32,193.0,202.0,273.0,296.0,338.0,353.0,6.225806451612903,7.214285714285714,8.806451612903226,9.866666666666667,10.903225806451612,11.766666666666667
7,2018,20.64,18.080000000000002,23.240000000000002,24.119999999999997,26.02,32.22,-1.04,-2.8,-0.2,4.8,5.0600000000000005,11.120000000000001,197.0,200.0,274.0,294.0,338.0,353.0,6.354838709677419,7.142857142857143,8.838709677419354,9.8,10.903225806451612,11.766666666666667
7,2019,17.259999999999998,23.04,24.6,24.5,27.46,37.019999999999996,-5.5600000000000005,-0.33999999999999997,0.41999999999999993,4.64,5.74,8.66,202.0,203.0,277.0,295.0,338.0,347.0,6.516129032258065,7.25,8.935483870967742,9.833333333333334,10.903225806451612,11.566666666666666
7,2020,16.259999999999998,22.080000000000002,26.48,21.98,30.82,33.0,-1.08,2.36,2.2399999999999998,4.62,9.379999999999999,12.16,192.0,213.0,275.0,297.0,340.0,351.0,6.193548387096774,7.344827586206897,8.870967741935484,9.9,10.96774193548387,11.7
7,2021,22.5,19.64,21.5,24.32,30.860000000000003,31.48,-3.88,4.0600000000000005,2.7399999999999998,4.220000000000001,9.6,13.98,196.0,197.0,269.0,290.0,339.0,351.0,6.32258064516129,7.035714285714286,8.67741935483871,9.666666666666666,10.935483870967742,11.7
7,2022,20.82,23.419999999999998,18.7,25.48,31.76,37.3,-2.36,2.34,3.5200000000000005,0.64,8.559999999999999,15.180000000000001,197.0,200.0,266.0,294.0,338.0,355.0,6.354838709677419,7.142857142857143,8.580645161290322,9.8,10.903225806451612,11.833333333333334
8,2015,17.931428571428572,19.857142857142858,23.17142857142857,23.742142857142856,29.102857142857143,35.36,-3.16,0.19142857142857142,1.0571428571428572,3.2314285714285718,6.442857142857143,18.86,194.42857142857142,201.14285714285714,270.57142857142856,293.0,337.57142857142856,13.0,6.271889400921658,7.1113652357494725,8.72811059907834,9.766666666666667,10.889400921658986,6.5
8,2016,18.18,18.52,23.52,23.375,29.8,35.5,-1.4,-1.6600000000000001,1.06,3.16,4.16,12.120000000000001,188.0,199.0,260.0,287.0,330.0,348.0,6.064516129032258,6.862068965517241,8.387096774193548,9.566666666666666,10.64516129032258,11.6
8,2017,15.38,17.52,27.439999999999998,26.419999999999998,29.880000000000003,35.36,-5.38,-0.27999999999999997,1.04,3.14,5.7,11.540000000000001,193.0,201.0,272.0,295.0,339.0,352.0,6.225806451612903,7.178571428571429,8.774193548387096,9.833333333333334,10.935483870967742,11.733333333333333
8,2018,19.18,16.96,22.16,23.740000000000002,25.24,32.0,-1.28,-3.54,-0.82,3.84,4.36,10.7,196.0,199.0,273.0,296.0,338.0,351.0,6.32258064516129,7.107142857142857,8.806451612903226,9.866666666666667,10.903225806451612,11.7
8,2019,15.959999999999999,22.380000000000003,23.759999999999998,23.56,26.96,36.32,-5.42,-0.2,-0.19999999999999998,4.8,5.220000000000001,8.4,201.0,201.0,277.0,296.0,339.0,349.0,6.483870967741935,7.178571428571429,8.935483870967742,9.866666666666667,10.935483870967742,11.633333333333333
8,2020,15.12,21.759999999999998,26.4,20.96,30.839999999999996,33.14,-1.92,2.04,2.0799999999999996,4.38,8.76,11.440000000000001,191.0,212.0,275.0,297.0,340.0,350.0,6.161290322580645,7.310344827586207,8.870967741935484,9.9,10.96774193548387,11.666666666666666
8,2021,21.119999999999997,19.119999999999997,20.98,23.380000000000003,29.72,30.919999999999998,-4.2,3.38,1.56,3.54,8.84,13.64,195.0,197.0,269.0,287.0,339.0,350.0,6.290322580645161,7.035714285714286,8.67741935483871,9.566666666666666,10.935483870967742,11.666666666666666
8,2022,20.580000000000002,22.740000000000002,17.94,24.759999999999998,31.28,36.519999999999996,-2.52,1.6,2.68,-0.24,8.059999999999999,14.88,197.0,199.0,268.0,293.0,338.0,354.0,6.354838709677419,7.107142857142857,8.64516129032258,9.766666666666667,10.903225806451612,11.8
9,2015,19.34857142857143,20.694285714285716,23.759999999999998,24.474285714285713,29.47142857142857,35.2,-2.18,1.1857142857142857,2.1285714285714286,4.148571428571429,7.365714285714286,17.9,195.0,201.71428571428572,270.85714285714283,293.0,337.14285714285717,13.0,6.290322580645161,7.13106966924701,8.737327188940093,9.766666666666667,10.87557603686636,6.5
9,2016,19.18,19.98,23.48,23.84,29.060000000000002,33.98,-1.02,-1.06,1.58,4.220000000000001,4.12,12.24,188.0,202.0,263.0,287.0,331.0,350.0,6.064516129032258,6.9655172413793105,8.483870967741936,9.566666666666666,10.67741935483871,11.666666666666666
9,2017,16.919999999999998,17.880000000000003,27.439999999999998,27.139999999999997,30.54,35.8,-4.680000000000001,0.3,2.28,4.0,6.8,12.16,193.0,201.0,273.0,296.0,338.0,354.0,6.225806451612903,7.178571428571429,8.806451612903226,9.866666666666667,10.903225806451612,11.8
9,2018,21.06,18.78,23.66,22.740000000000002,26.2,32.8,-0.21999999999999997,-2.32,-0.18,5.24,5.58,11.26,198.0,200.0,275.0,294.0,337.0,355.0,6.387096774193548,7.142857142857143,8.870967741935484,9.8,10.870967741935484,11.833333333333334
9,2019,17.56,22.72,25.04,25.080000000000002,27.52,37.14,-5.04,0.4,1.1,5.0600000000000005,5.76,8.879999999999999,201.0,201.0,277.0,294.0,338.0,349.0,6.483870967741935,7.178571428571429,8.935483870967742,9.8,10.903225806451612,11.633333333333333
9,2020,16.7,22.48,26.26,22.4,30.360000000000003,32.88,-0.02,3.3600000000000003,3.18,4.96,9.76,12.540000000000001,191.0,213.0,275.0,296.0,341.0,352.0,6.161290322580645,7.344827586206897,8.870967741935484,9.866666666666667,11.0,11.733333333333333
9,2021,23.06,18.919999999999998,21.4,24.22,30.7,31.74,-2.7,4.92,2.82,4.6,10.16,14.059999999999999,197.0,196.0,269.0,291.0,338.0,352.0,6.354838709677419,7.0,8.67741935483871,9.7,10.903225806451612,11.733333333333333
9,2022,20.96,24.1,19.04,25.9,31.919999999999998,37.4,-1.58,2.7,4.12,0.96,9.379999999999999,15.680000000000001,197.0,199.0,264.0,293.0,337.0,356.0,6.354838709677419,7.107142857142857,8.516129032258064,9.766666666666667,10.870967741935484,11.866666666666667
10,2015,19.654285714285717,20.84,23.919999999999998,24.68857142857143,29.53142857142857,35.92,-0.4685714285714285,2.4085714285714284,3.105714285714286,4.819999999999999,8.554285714285713,18.380000000000003,194.28571428571428,201.57142857142858,272.0,293.2857142857143,338.14285714285717,13.0,6.267281105990783,7.126143560872625,8.774193548387098,9.776190476190477,10.907834101382488,6.5
10,2016,19.880000000000003,20.78,24.48,24.4,29.6,34.739999999999995,-0.020000000000000018,0.16,2.56,5.12,5.08,12.719999999999999,188.0,203.0,267.0,288.0,333.0,349.0,6.064516129032258,7.0,8.612903225806452,9.6,10.741935483870968,11.633333333333333
10,2017,16.84,17.54,27.939999999999998,26.660000000000004,29.8,34.92,-3.16,1.8800000000000001,3.38,5.5,8.76,12.52,191.0,200.0,273.0,296.0,338.0,356.0,6.161290322580645,7.142857142857143,8.806451612903226,9.866666666666667,10.903225806451612,11.866666666666667
10,2018,21.32,18.919999999999998,23.66,23.28,26.080000000000002,32.46,1.98,-0.2,0.22000000000000003,5.7,6.659999999999999,12.34,197.0,200.0,276.0,294.0,338.0,356.0,6.354838709677419,7.142857142857143,8.903225806451612,9.8,10.903225806451612,11.866666666666667
10,2019,17.44,22.34,24.4,25.28,27.82,36.64,-2.06,2.0,2.8600000000000003,6.24,7.2,10.059999999999999,201.0,200.0,278.0,294.0,339.0,350.0,6.483870967741935,7.142857142857143,8.96774193548387,9.8,10.935483870967742,11.666666666666666
10,2020,17.4,23.0,26.380000000000003,22.9,30.54,32.62,2.08,4.5,4.2,5.4799999999999995,10.78,13.3,193.0,211.0,275.0,295.0,342.0,353.0,6.225806451612903,7.275862068965517,8.870967741935484,9.833333333333334,11.03225806451613,11.766666666666667
10,2021,23.580000000000002,19.14,21.66,24.54,31.04,31.9,-1.8399999999999999,5.4399999999999995,3.46,4.64,10.82,14.419999999999998,196.0,197.0,270.0,293.0,339.0,352.0,6.32258064516129,7.035714285714286,8.709677419354838,9.766666666666667,10.935483870967742,11.733333333333333
10,2022,21.119999999999997,24.16,18.919999999999998,25.76,31.839999999999996,37.14,-0.25999999999999995,3.0799999999999996,5.0600000000000005,1.06,10.58,16.1,194.0,200.0,265.0,293.0,338.0,357.0,6.258064516129032,7.142857142857143,8.548387096774194,9.766666666666667,10.903225806451612,11.9
11,2015,19.502857142857142,20.931428571428572,24.325714285714287,24.897142857142857,30.15142857142857,35.339999999999996,-3.1857142857142855,0.35999999999999993,1.5371428571428574,3.722857142857143,6.885714285714286,17.48,196.42857142857142,202.85714285714286,272.14285714285717,294.85714285714283,337.42857142857144,13.0,6.336405529953916,7.171885995777621,8.778801843317972,9.828571428571431,10.88479262672811,6.5
11,2016,19.52,20.240000000000002,23.98,24.1,29.560000000000002,34.440000000000005,-4.74,-4.540000000000001,-0.38,1.18,1.8800000000000001,9.620000000000001,189.0,202.0,265.0,290.0,331.0,349.0,6.096774193548387,6.9655172413793105,8.548387096774194,9.666666666666666,10.67741935483871,11.633333333333333
11,2017,16.72,17.78,28.6,26.78,30.28,36.0,-3.7399999999999998,1.06,2.26,3.78,6.6,13.62,193.0,201.0,273.0,296.0,338.0,354.0,6.225806451612903,7.178571428571429,8.806451612903226,9.866666666666667,10.903225806451612,11.8
11,2018,21.240000000000002,18.52,24.2,24.2,26.060000000000002,32.239999999999995,-0.96,-2.3,0.24000000000000005,5.24,5.220000000000001,11.18,200.0,201.0,274.0,296.0,338.0,354.0,6.451612903225806,7.178571428571429,8.838709677419354,9.866666666666667,10.903225806451612,11.8
11,2019,17.740000000000002,23.86,24.72,25.419999999999998,28.5,36.980000000000004,-4.6,0.6199999999999999,0.78,5.0200000000000005,6.4,10.059999999999999,202.0,203.0,278.0,296.0,338.0,350.0,6.516129032258065,7.25,8.96774193548387,9.866666666666667,10.903225806451612,11.666666666666666
11,2020,17.259999999999998,22.860000000000003,27.26,22.759999999999998,31.72,33.58,-1.5,2.46,2.4799999999999995,4.9799999999999995,10.059999999999999,13.059999999999999,195.0,213.0,276.0,298.0,340.0,353.0,6.290322580645161,7.344827586206897,8.903225806451612,9.933333333333334,10.96774193548387,11.766666666666667
11,2021,23.54,20.3,21.98,25.32,32.08,32.08,-3.6399999999999997,3.88,2.54,4.38,9.48,14.219999999999999,197.0,199.0,271.0,292.0,339.0,351.0,6.354838709677419,7.107142857142857,8.741935483870968,9.733333333333333,10.935483870967742,11.7
11,2022,20.5,22.96,19.54,25.7,32.86,37.3,-3.12,1.34,2.84,1.48,8.559999999999999,15.24,199.0,201.0,268.0,296.0,338.0,355.0,6.419354838709677,7.178571428571429,8.64516129032258,9.866666666666667,10.903225806451612,11.833333333333334
12,2015,19.274285714285718,21.005714285714284,23.997142857142855,24.90857142857143,29.81142857142857,35.88,-2.2742857142857145,1.0,2.1114285714285717,4.137142857142857,7.288571428571429,17.76,194.85714285714286,202.14285714285714,270.42857142857144,293.42857142857144,337.42857142857144,13.0,6.285714285714286,7.1465517241379315,8.723502304147464,9.780952380952382,10.88479262672811,6.5
12,2016,19.18,19.919999999999998,23.96,24.2,29.919999999999998,34.72,-1.3599999999999999,-1.92,0.96,3.5,3.7600000000000002,12.16,189.0,201.0,262.0,288.0,330.0,349.0,6.096774193548387,6.931034482758621,8.451612903225806,9.6,10.64516129032258,11.633333333333333
12,2017,16.96,18.6,28.02,27.7,30.96,36.12,-4.48,0.4,2.2399999999999998,3.96,6.540000000000001,12.32,193.0,202.0,271.0,296.0,339.0,353.0,6.225806451612903,7.214285714285714,8.741935483870968,9.866666666666667,10.935483870967742,11.766666666666667
12,2018,20.880000000000003,18.72,23.68,24.740000000000002,26.360000000000003,33.06,-0.6,-2.48,0.2,5.18,5.62,11.7,197.0,200.0,274.0,295.0,338.0,352.0,6.354838709677419,7.142857142857143,8.838709677419354,9.833333333333334,10.903225806451612,11.733333333333333
12,2019,17.52,23.240000000000002,24.98,25.16,27.76,37.260000000000005,-4.9399999999999995,0.24000000000000005,0.72,5.279999999999999,5.88,9.12,201.0,202.0,277.0,295.0,338.0,347.0,6.483870967741935,7.214285714285714,8.935483870967742,9.833333333333334,10.903225806451612,11.566666666666666
12,2020,16.56,22.619999999999997,26.919999999999998,22.26,31.0,33.46,-0.6199999999999999,3.3200000000000003,3.22,5.220000000000001,9.72,12.48,192.0,213.0,275.0,297.0,340.0,350.0,6.193548387096774,7.344827586206897,8.870967741935484,9.9,10.96774193548387,11.666666666666666
12,2021,22.8,19.8,21.46,24.279999999999998,30.72,31.880000000000003,-2.88,4.74,2.7800000000000002,4.8,10.18,14.3,195.0,197.0,269.0,289.0,339.0,351.0,6.290322580645161,7.035714285714286,8.67741935483871,9.633333333333333,10.935483870967742,11.7
12,2022,21.02,24.14,18.96,26.02,31.96,37.6,-1.04,2.7,4.66,1.02,9.32,15.940000000000001,197.0,200.0,265.0,294.0,338.0,355.0,6.354838709677419,7.142857142857143,8.548387096774194,9.8,10.903225806451612,11.833333333333334
13,2015,18.545714285714286,20.34857142857143,23.66857142857143,24.249285714285712,29.525714285714287,35.36,-3.154285714285714,0.02285714285714275,1.2542857142857144,3.4257142857142857,6.6,17.48,196.0,202.28571428571428,271.2857142857143,294.14285714285717,337.42857142857144,13.0,6.32258064516129,7.151653764954259,8.751152073732717,9.804761904761904,10.88479262672811,6.5
13,2016,18.52,19.36,23.5,23.725,29.48,34.9,-1.8800000000000001,-2.8600000000000003,0.36,2.56,3.44,11.52,190.0,201.0,263.0,289.0,330.0,348.0,6.129032258064516,6.931034482758621,8.483870967741936,9.633333333333333,10.64516129032258,11.6
13,2017,16.22,18.02,27.860000000000003,26.8,30.18,36.12,-4.68,-0.03999999999999999,1.5,3.5200000000000005,5.779999999999999,12.76,193.0,201.0,273.0,296.0,338.0,352.0,6.225806451612903,7.178571428571429,8.806451612903226,9.866666666666667,10.903225806451612,11.733333333333333
13,2018,19.94,17.619999999999997,23.18,23.919999999999998,25.6,31.8,-1.24,-3.1399999999999997,-0.2,4.4399999999999995,4.9,11.14,199.0,200.0,274.0,295.0,338.0,352.0,6.419354838709677,7.142857142857143,8.838709677419354,9.833333333333334,10.903225806451612,11.733333333333333
13,2019,16.759999999999998,23.04,24.2,24.22,27.560000000000002,36.56,-5.34,-0.24000000000000005,0.12,4.74,5.68,8.72,202.0,203.0,277.0,296.0,339.0,350.0,6.516129032258065,7.25,8.935483870967742,9.866666666666667,10.935483870967742,11.666666666666666
13,2020,15.919999999999998,21.78,26.76,21.619999999999997,31.5,33.38,-1.8199999999999998,1.92,2.04,4.5600000000000005,9.2,11.92,194.0,213.0,275.0,298.0,340.0,350.0,6.258064516129032,7.344827586206897,8.870967741935484,9.933333333333334,10.96774193548387,11.666666666666666
13,2021,22.04,19.8,21.740000000000002,24.259999999999998,30.7,31.5,-4.18,3.12,1.8399999999999999,3.7600000000000002,9.08,13.62,196.0,198.0,270.0,290.0,339.0,350.0,6.32258064516129,7.071428571428571,8.709677419354838,9.666666666666666,10.935483870967742,11.666666666666666
13,2022,20.419999999999998,22.82,18.439999999999998,25.2,31.660000000000004,37.32,-2.94,1.4,3.12,0.4,8.120000000000001,14.84,198.0,200.0,267.0,295.0,338.0,354.0,6.387096774193548,7.142857142857143,8.612903225806452,9.833333333333334,10.903225806451612,11.8
14,2015,17.274285714285714,19.16857142857143,22.37142857142857,23.017857142857142,28.282857142857146,34.9,-3.7228571428571433,-0.3885714285714284,0.5428571428571428,2.605714285714286,5.931428571428571,17.880000000000003,194.42857142857142,201.85714285714286,270.57142857142856,293.42857142857144,337.57142857142856,13.0,6.271889400921659,7.136523574947221,8.72811059907834,9.780952380952382,10.889400921658986,6.5
14,2016,17.84,18.3,23.04,22.925,29.380000000000003,35.06,-2.3,-2.52,0.2,2.4,3.3,11.36,187.0,200.0,262.0,289.0,330.0,349.0,6.032258064516129,6.896551724137931,8.451612903225806,9.633333333333333,10.64516129032258,11.633333333333333
14,2017,14.62,16.759999999999998,26.28,25.56,28.939999999999998,34.18,-5.76,-0.72,0.82,2.94,5.4799999999999995,10.8,194.0,201.0,272.0,296.0,339.0,353.0,6.258064516129032,7.178571428571429,8.774193548387096,9.866666666666667,10.935483870967742,11.766666666666667
14,2018,18.4,16.2,21.4,22.82,24.4,31.04,-1.7600000000000002,-3.8,-1.16,3.08,4.12,10.379999999999999,196.0,200.0,273.0,295.0,338.0,352.0,6.32258064516129,7.142857142857143,8.806451612903226,9.833333333333334,10.903225806451612,11.733333333333333
14,2019,15.24,21.439999999999998,22.9,22.84,26.080000000000002,35.32,-6.0200000000000005,-0.9400000000000001,-0.8,4.12,4.64,7.779999999999999,201.0,202.0,277.0,295.0,339.0,348.0,6.483870967741935,7.214285714285714,8.935483870967742,9.833333333333334,10.935483870967742,11.6
14,2020,14.36,20.98,25.580000000000002,20.22,29.98,32.28,-2.52,1.34,1.42,3.56,8.1,10.78,191.0,213.0,274.0,297.0,340.0,351.0,6.161290322580645,7.344827586206897,8.838709677419354,9.9,10.96774193548387,11.7
14,2021,20.7,18.380000000000003,20.259999999999998,22.72,28.98,30.28,-4.76,2.82,0.9800000000000001,2.88,8.24,12.919999999999998,195.0,197.0,269.0,288.0,339.0,351.0,6.290322580645161,7.035714285714286,8.67741935483871,9.6,10.935483870967742,11.7
14,2022,19.759999999999998,22.119999999999997,17.139999999999997,24.04,30.22,35.36,-2.94,1.1,2.34,-0.74,7.640000000000001,14.52,197.0,200.0,267.0,294.0,338.0,355.0,6.354838709677419,7.142857142857143,8.612903225806452,9.8,10.903225806451612,11.833333333333334
15,2015,17.96,19.637142857142855,22.865714285714287,23.610714285714288,28.82857142857143,35.42,-3.2914285714285714,-0.0057142857142857195,1.0885714285714285,3.1714285714285713,6.437142857142858,17.46,195.0,202.28571428571428,271.0,293.85714285714283,337.42857142857144,13.0,6.290322580645161,7.151653764954259,8.741935483870966,9.795238095238094,10.88479262672811,6.5
15,2016,18.119999999999997,18.8,23.34,23.475,29.74,34.980000000000004,-1.98,-2.7199999999999998,0.3,2.68,3.1399999999999997,11.6,188.0,201.0,265.0,289.0,330.0,349.0,6.064516129032258,6.931034482758621,8.548387096774194,9.633333333333333,10.64516129032258,11.633333333333333
15,2017,15.24,17.080000000000002,26.8,26.18,29.380000000000003,34.480000000000004,-5.0200000000000005,-0.25999999999999995,1.52,3.5200000000000005,5.96,11.780000000000001,194.0,202.0,272.0,296.0,338.0,353.0,6.258064516129032,7.214285714285714,8.774193548387096,9.866666666666667,10.903225806451612,11.766666666666667
15,2018,19.339999999999996,16.86,22.14,23.06,24.86,31.160000000000004,-1.24,-3.16,-0.5599999999999999,4.0,4.86,11.0,197.0,200.0,274.0,296.0,339.0,352.0,6.354838709677419,7.142857142857143,8.838709677419354,9.866666666666667,10.935483870967742,11.733333333333333
15,2019,16.18,22.1,23.46,23.5,26.560000000000002,35.9,-5.68,-0.5800000000000001,-0.2,4.46,5.36,8.26,202.0,203.0,277.0,295.0,338.0,347.0,6.516129032258065,7.25,8.935483870967742,9.833333333333334,10.903225806451612,11.566666666666666
15,2020,15.220000000000002,21.3,25.860000000000003,21.04,30.48,32.42,-1.8199999999999998,1.7400000000000002,1.7399999999999998,4.08,8.82,11.620000000000001,192.0,213.0,274.0,297.0,340.0,351.0,6.193548387096774,7.344827586206897,8.838709677419354,9.9,10.96774193548387,11.7
15,2021,21.54,18.8,20.740000000000002,23.44,29.9,30.639999999999997,-4.4799999999999995,3.3,1.7600000000000002,3.5799999999999996,8.879999999999999,13.52,195.0,197.0,269.0,290.0,339.0,351.0,6.290322580645161,7.035714285714286,8.67741935483871,9.666666666666666,10.935483870967742,11.7
15,2022,20.080000000000002,22.52,17.72,24.580000000000002,30.880000000000003,36.22,-2.82,1.64,3.06,-0.12000000000000002,8.040000000000001,14.919999999999998,197.0,200.0,266.0,294.0,338.0,355.0,6.354838709677419,7.142857142857143,8.580645161290322,9.8,10.903225806451612,11.833333333333334
16,2015,18.442857142857143,19.845714285714283,23.24857142857143,23.865714285714287,29.185714285714287,36.44,-3.0285714285714285,0.15142857142857138,1.242857142857143,3.3485714285714283,6.697142857142857,16.84,195.0,202.14285714285714,271.7142857142857,293.57142857142856,337.42857142857144,13.0,6.290322580645161,7.1465517241379315,8.764976958525345,9.785714285714286,10.88479262672811,6.5
16,2016,18.66,19.32,24.36,23.9,30.78,35.3,-1.8800000000000001,-3.0,-0.13999999999999999,2.62,2.7199999999999998,11.540000000000001,189.0,201.0,265.0,288.0,332.0,350.0,6.096774193548387,6.931034482758621,8.548387096774194,9.6,10.709677419354838,11.666666666666666
16,2017,15.459999999999999,17.0,27.080000000000002,25.82,29.6,34.72,-4.680000000000001,2.2204460492503132e-17,1.8800000000000001,4.0,6.4799999999999995,12.440000000000001,192.0,201.0,273.0,296.0,338.0,354.0,6.193548387096774,7.178571428571429,8.806451612903226,9.866666666666667,10.903225806451612,11.8
16,2018,19.96,17.22,22.46,23.2,25.04,31.2,-0.78,-2.7,-0.36,4.34,5.24,11.28,199.0,200.0,275.0,295.0,337.0,355.0,6.419354838709677,7.142857142857143,8.870967741935484,9.833333333333334,10.870967741935484,11.833333333333334
16,2019,16.740000000000002,22.36,23.880000000000003,23.78,26.78,36.32,-5.64,-0.38,0.62,4.26,5.6,8.64,202.0,203.0,278.0,295.0,338.0,349.0,6.516129032258065,7.25,8.96774193548387,9.833333333333334,10.903225806451612,11.633333333333333
16,2020,15.84,21.240000000000002,26.0,21.56,30.28,32.480000000000004,-1.2,1.8800000000000001,1.6199999999999999,3.9799999999999995,9.4,11.919999999999998,191.0,213.0,276.0,296.0,340.0,353.0,6.161290322580645,7.344827586206897,8.903225806451612,9.866666666666667,10.96774193548387,11.766666666666667
16,2021,22.32,19.2,20.78,24.0,30.560000000000002,31.080000000000002,-4.04,3.7,2.38,3.8,9.24,13.84,195.0,197.0,269.0,291.0,339.0,352.0,6.290322580645161,7.035714285714286,8.67741935483871,9.7,10.935483870967742,11.733333333333333
16,2022,20.119999999999997,22.580000000000002,18.18,24.8,31.26,36.72,-2.98,1.56,2.7,0.44000000000000006,8.2,14.86,197.0,200.0,266.0,294.0,338.0,355.0,6.354838709677419,7.142857142857143,8.580645161290322,9.8,10.903225806451612,11.833333333333334
17,2015,16.62857142857143,18.777142857142856,22.262857142857143,22.650714285714287,28.322857142857142,34.62,-4.0285714285714285,-0.5085714285714283,0.26000000000000006,2.3114285714285714,5.631428571428571,18.48,195.85714285714286,201.57142857142858,270.57142857142856,293.7142857142857,337.2857142857143,13.0,6.317972350230415,7.126671358198452,8.72811059907834,9.79047619047619,10.880184331797235,6.5
17,2016,17.64,17.7,22.94,22.475,29.139999999999997,34.92,-2.3200000000000003,-2.4,0.34,2.2399999999999998,3.6,11.34,190.0,198.0,261.0,286.0,330.0,346.0,6.129032258064516,6.827586206896552,8.419354838709678,9.533333333333333,10.64516129032258,11.533333333333333
17,2017,14.26,16.34,26.160000000000004,25.259999999999998,29.080000000000002,35.739999999999995,-6.1,-0.7,-0.16,2.36,5.14,11.040000000000001,194.0,202.0,272.0,296.0,338.0,350.0,6.258064516129032,7.214285714285714,8.774193548387096,9.866666666666667,10.903225806451612,11.666666666666666
17,2018,17.419999999999998,15.62,20.919999999999998,23.1,24.259999999999998,32.36,-2.1399999999999997,-4.18,-1.48,2.64,3.12,9.540000000000001,196.0,200.0,272.0,296.0,337.0,349.0,6.32258064516129,7.142857142857143,8.774193548387096,9.866666666666667,10.870967741935484,11.633333333333333
17,2019,14.459999999999999,21.16,23.02,22.42,26.4,35.64,-6.36,-0.78,-0.86,3.72,4.279999999999999,8.32,203.0,202.0,277.0,296.0,339.0,348.0,6.548387096774194,7.214285714285714,8.935483870967742,9.866666666666667,10.935483870967742,11.6
17,2020,13.6,20.8,25.82,19.54,30.3,32.88,-3.02,1.1800000000000002,1.1400000000000001,3.56,7.959999999999999,10.36,194.0,213.0,274.0,299.0,340.0,349.0,6.258064516129032,7.344827586206897,8.838709677419354,9.966666666666667,10.96774193548387,11.633333333333333
17,2021,19.580000000000002,18.439999999999998,20.16,22.04,28.560000000000002,30.2,-4.74,2.8400000000000003,0.62,2.8600000000000003,8.059999999999999,12.48,196.0,197.0,269.0,289.0,339.0,349.0,6.32258064516129,7.035714285714286,8.67741935483871,9.633333333333333,10.935483870967742,11.633333333333333
17,2022,19.44,21.380000000000003,16.82,23.72,30.52,36.14,-3.5200000000000005,0.48,2.2199999999999998,-1.2,7.26,13.88,198.0,199.0,269.0,294.0,338.0,352.0,6.387096774193548,7.107142857142857,8.67741935483871,9.8,10.903225806451612,11.733333333333333
18,2015,18.551428571428573,19.92571428571429,23.125714285714285,23.91857142857143,29.051428571428573,36.12,-2.7399999999999998,0.3257142857142856,1.3828571428571428,3.434285714285714,6.771428571428571,16.36,195.14285714285714,202.0,271.42857142857144,293.14285714285717,337.2857142857143,13.0,6.2949308755760365,7.141273750879662,8.755760368663594,9.771428571428572,10.880184331797235,6.5
18,2016,18.18,19.3,23.68,23.549999999999997,30.419999999999998,34.660000000000004,-1.8399999999999999,-2.9,0.019999999999999928,3.3600000000000003,2.2600000000000002,10.620000000000001,190.0,202.0,267.0,288.0,332.0,349.0,6.129032258064516,6.9655172413793105,8.612903225806452,9.6,10.709677419354838,11.633333333333333
18,2017,15.719999999999999,16.740000000000002,26.72,25.880000000000003,29.48,34.72,-5.18,-0.18,1.8,3.8600000000000003,6.68,12.08,191.0,201.0,272.0,296.0,338.0,354.0,6.161290322580645,7.178571428571429,8.774193548387096,9.866666666666667,10.903225806451612,11.8
18,2018,20.240000000000002,17.8,22.68,23.22,25.02,31.860000000000003,-0.32,-3.0,-0.78,4.5200000000000005,5.38,11.18,198.0,200.0,275.0,294.0,337.0,356.0,6.387096774193548,7.142857142857143,8.870967741935484,9.8,10.870967741935484,11.866666666666667
18,2019,16.86,22.0,24.2,24.04,26.52,36.4,-5.4,-0.019999999999999997,0.86,4.4399999999999995,5.38,8.2,202.0,201.0,278.0,294.0,338.0,349.0,6.516129032258065,7.178571428571429,8.96774193548387,9.8,10.903225806451612,11.633333333333333
18,2020,16.1,21.56,25.54,21.8,30.28,32.22,-0.45999999999999996,2.62,2.3200000000000003,3.84,9.379999999999999,11.940000000000001,192.0,213.0,275.0,295.0,341.0,352.0,6.193548387096774,7.344827586206897,8.870967741935484,9.833333333333334,11.0,11.733333333333333
18,2021,22.52,18.98,20.78,23.96,30.439999999999998,30.82,-3.7,3.8200000000000003,2.44,3.78,9.4,13.5,196.0,197.0,269.0,292.0,338.0,351.0,6.32258064516129,7.035714285714286,8.67741935483871,9.733333333333333,10.903225806451612,11.7
18,2022,20.240000000000002,23.1,18.28,24.98,31.2,36.52,-2.2800000000000002,1.94,3.02,0.24,8.92,15.1,197.0,200.0,264.0,293.0,337.0,356.0,6.354838709677419,7.142857142857143,8.516129032258064,9.766666666666667,10.870967741935484,11.866666666666667
19,2015,19.357142857142858,20.845714285714283,24.082857142857144,24.849285714285713,29.93142857142857,36.36,-2.4771428571428564,0.84,1.9285714285714286,4.022857142857143,7.191428571428572,17.080000000000002,195.0,202.28571428571428,270.85714285714283,293.14285714285717,337.2857142857143,13.0,6.290322580645161,7.151653764954259,8.73732718894009,9.771428571428572,10.880184331797235,6.5
19,2016,19.08,19.880000000000003,24.160000000000004,24.225,30.639999999999997,34.9,-1.52,-2.5,0.5800000000000001,3.3600000000000003,2.96,11.459999999999999,189.0,201.0,263.0,287.0,330.0,350.0,6.096774193548387,6.931034482758621,8.483870967741936,9.566666666666666,10.64516129032258,11.666666666666666
19,2017,16.740000000000002,18.2,28.060000000000002,27.3,30.839999999999996,35.88,-4.5,0.38,2.2600000000000002,4.0200000000000005,6.62,12.68,193.0,202.0,272.0,296.0,339.0,354.0,6.225806451612903,7.214285714285714,8.774193548387096,9.866666666666667,10.935483870967742,11.8
19,2018,21.06,18.54,23.7,24.46,26.060000000000002,32.72,-0.42000000000000004,-2.42,-0.020000000000000018,5.220000000000001,5.68,11.64,197.0,200.0,275.0,294.0,337.0,355.0,6.354838709677419,7.142857142857143,8.870967741935484,9.8,10.870967741935484,11.833333333333334
19,2019,17.72,23.3,24.98,24.9,27.7,37.4,-5.16,0.24000000000000005,0.96,5.02,6.0200000000000005,9.02,202.0,203.0,277.0,295.0,338.0,348.0,6.516129032258065,7.25,8.935483870967742,9.833333333333334,10.903225806451612,11.6
19,2020,16.759999999999998,22.259999999999998,26.76,22.46,31.18,33.32,-0.44000000000000006,2.94,2.68,4.88,9.9,12.580000000000002,191.0,213.0,275.0,296.0,340.0,351.0,6.161290322580645,7.344827586206897,8.870967741935484,9.866666666666667,10.96774193548387,11.7
19,2021,23.04,19.919999999999998,21.84,24.759999999999998,31.160000000000004,31.839999999999996,-3.3599999999999994,4.54,3.2600000000000002,4.5200000000000005,10.02,14.319999999999999,196.0,197.0,269.0,290.0,339.0,352.0,6.32258064516129,7.035714285714286,8.67741935483871,9.666666666666666,10.935483870967742,11.733333333333333
19,2022,21.1,23.82,19.080000000000002,25.839999999999996,31.939999999999998,37.5,-1.94,2.7,3.78,1.1400000000000001,9.14,15.580000000000002,197.0,200.0,265.0,294.0,338.0,355.0,6.354838709677419,7.142857142857143,8.548387096774194,9.8,10.903225806451612,11.833333333333334
