ID_ESTACION,year,temp_avg_daytime_month_1,temp_avg_daytime_month_2,temp_avg_daytime_month_3,temp_avg_daytime_month_4,temp_avg_daytime_month_5,temp_avg_daytime_month_6,temp_max_daytime_month_1,temp_max_daytime_month_2,temp_max_daytime_month_3,temp_max_daytime_month_4,temp_max_daytime_month_5,temp_max_daytime_month_6,temp_avg_nighttime_month_1,temp_avg_nighttime_month_2,temp_avg_nighttime_month_3,temp_avg_nighttime_month_4,temp_avg_nighttime_month_5,temp_avg_nighttime_month_6,temp_min_nighttime_month_1,temp_min_nighttime_month_2,temp_min_nighttime_month_3,temp_min_nighttime_month_4,temp_min_nighttime_month_5,temp_min_nighttime_month_6,MeanLightHours_month_1,MeanLightHours_month_2,MeanLightHours_month_3,MeanLightHours_month_4,MeanLightHours_month_5,MeanLightHours_month_6
0,2015,12.424239631336405,14.480919540229886,15.021966205837174,16.98097619047619,22.924358678955453,35.019999999999996,19.345714285714287,20.41714285714286,23.47142857142857,24.247857142857146,29.128571428571426,35.019999999999996,12.424239631336405,14.480919540229886,15.021966205837174,16.98097619047619,22.924358678955453,35.019999999999996,5.574285714285714,8.58,6.54,8.767857142857142,14.442857142857141,35.019999999999996,6.258064516129032,7.126143560872625,8.755760368663594,9.785714285714286,10.903225806451614,6.5
0,2016,14.490322580645161,14.286436781609195,15.43037634408602,18.159,22.291290322580643,28.708000000000002,19.619999999999997,20.46,23.839999999999996,23.875,28.8,34.1,14.490322580645161,14.286436781609195,15.43037634408602,18.159,22.291290322580643,28.708000000000002,9.0,6.720000000000001,5.2,9.774999999999999,14.559999999999999,22.24,6.064516129032258,7.0,8.580645161290322,9.6,10.709677419354838,11.633333333333333
0,2017,10.352903225806452,13.347142857142858,17.371774193548386,18.573833333333333,23.53083333333333,29.396833333333333,16.46,16.94,27.46,26.139999999999997,29.419999999999998,34.54,10.352903225806452,13.347142857142858,17.371774193548386,18.573833333333333,23.53083333333333,29.396833333333333,2.08,10.02,7.42,7.76,16.759999999999998,21.46,6.129032258064516,7.142857142857143,8.774193548387096,9.866666666666667,10.870967741935484,11.866666666666667
0,2018,13.270967741935483,10.545714285714284,14.30258064516129,17.328666666666667,21.391612903225806,26.746,20.98,18.46,23.32,22.8,25.68,31.839999999999996,13.270967741935483,10.545714285714284,14.30258064516129,17.328666666666667,21.391612903225806,26.746,7.94,3.8200000000000003,8.06,7.44,15.5,18.48,6.32258064516129,7.142857142857143,8.870967741935484,9.8,10.903225806451612,11.833333333333334
0,2019,12.526451612903225,14.977142857142857,17.103225806451615,16.106,21.907096774193548,27.212666666666667,17.02,21.82,23.98,24.84,27.380000000000003,36.14,12.526451612903225,14.977142857142857,17.103225806451615,16.106,21.907096774193548,27.212666666666667,7.24,8.559999999999999,9.2,9.78,15.459999999999999,18.98,6.451612903225806,7.142857142857143,8.96774193548387,9.766666666666667,10.935483870967742,11.7
0,2020,12.003870967741936,17.759999999999998,14.398709677419355,16.987333333333332,23.894193548387097,27.02755555555556,17.080000000000002,22.660000000000004,25.76,22.52,30.119999999999997,32.18,12.003870967741936,17.759999999999998,14.398709677419355,16.987333333333332,23.894193548387097,27.02755555555556,4.0,10.42,5.92,12.18,15.16,17.46,6.258064516129032,7.275862068965517,8.870967741935484,9.866666666666667,11.03225806451613,11.766666666666667
0,2021,11.583870967741936,15.03357142857143,14.509032258064517,15.967333333333332,22.822580645161292,26.669333333333334,23.380000000000003,18.84,21.34,24.22,30.919999999999998,31.7,11.583870967741936,15.03357142857143,14.509032258064517,15.967333333333332,22.822580645161292,26.669333333333334,2.2399999999999998,11.08,2.6,8.64,12.540000000000001,18.7,6.290322580645161,7.035714285714286,8.67741935483871,9.766666666666667,10.935483870967742,11.733333333333333
0,2022,12.741290322580646,15.416428571428572,12.038064516129033,15.744666666666667,24.63290322580645,30.950666666666667,20.880000000000003,23.740000000000002,18.6,25.34,31.580000000000002,36.94,12.741290322580646,15.416428571428572,12.038064516129033,15.744666666666667,24.63290322580645,30.950666666666667,6.5200000000000005,9.440000000000001,7.38,5.8,11.120000000000001,24.419999999999998,6.290322580645161,7.142857142857143,8.548387096774194,9.833333333333334,10.935483870967742,11.9
1,2015,10.271935483870967,12.853249178981937,13.49695084485407,15.946166666666667,22.22073579109063,34.720000000000006,16.845714285714287,18.959999999999997,22.482857142857142,22.868571428571425,28.662857142857142,34.720000000000006,10.271935483870967,12.853249178981937,13.49695084485407,15.946166666666667,22.22073579109063,34.720000000000006,3.6399999999999997,6.725714285714285,4.652857142857143,7.1778571428571425,13.567857142857141,34.720000000000006,6.317972350230415,7.131597466572836,8.714285714285714,9.795238095238094,10.87557603686636,6.5
1,2016,12.410000000000002,12.188045977011495,13.519462365591398,16.965333333333334,20.948387096774194,28.216,17.740000000000002,17.939999999999998,23.02,22.7,29.18,34.980000000000004,12.410000000000002,12.188045977011495,13.519462365591398,16.965333333333334,20.948387096774194,28.216,6.659999999999999,5.26,3.08,8.825,13.419999999999998,20.240000000000002,6.096774193548387,6.862068965517241,8.387096774193548,9.533333333333333,10.64516129032258,11.533333333333333
1,2017,8.456129032258064,11.946250000000001,16.061774193548384,18.165833333333335,23.724666666666668,29.973166666666668,14.559999999999999,16.419999999999998,26.32,25.54,29.68,36.44,8.456129032258064,11.946250000000001,16.061774193548384,18.165833333333335,23.724666666666668,29.973166666666668,-0.72,8.14,3.8499999999999996,6.959999999999999,16.7,20.880000000000003,6.258064516129032,7.214285714285714,8.774193548387096,9.866666666666667,10.903225806451612,11.633333333333333
1,2018,10.911612903225807,9.05642857142857,11.949677419354838,16.47533333333333,20.15741935483871,26.017999999999997,17.56,15.679999999999998,21.46,23.259999999999998,24.8,32.68,10.911612903225807,9.05642857142857,11.949677419354838,16.47533333333333,20.15741935483871,26.017999999999997,6.4799999999999995,2.38,5.12,5.58,14.540000000000001,15.62,6.354838709677419,7.142857142857143,8.741935483870968,9.866666666666667,10.870967741935484,11.6
1,2019,10.383225806451613,13.766428571428571,16.051612903225806,14.612666666666666,21.89290322580645,27.477333333333334,14.559999999999999,21.259999999999998,23.18,22.54,27.060000000000002,35.82,10.383225806451613,13.766428571428571,16.051612903225806,14.612666666666666,21.89290322580645,27.477333333333334,5.6,5.88,7.94,7.359999999999999,15.52,19.86,6.548387096774194,7.214285714285714,8.903225806451612,9.866666666666667,10.935483870967742,11.566666666666666
1,2020,10.421935483870968,15.763448275862068,13.090967741935483,16.402,23.193387096774195,27.419777777777778,14.36,21.34,26.060000000000002,20.02,30.52,33.22,10.421935483870968,15.763448275862068,13.090967741935483,16.402,23.193387096774195,27.419777777777778,0.96,9.22,3.1399999999999997,10.4,13.675,17.633333333333333,6.258064516129032,7.344827586206897,8.838709677419354,9.966666666666667,10.935483870967742,11.666666666666666
1,2021,8.192903225806452,13.342142857142857,13.227741935483872,14.735999999999999,21.443870967741937,25.724666666666668,19.580000000000002,18.7,20.3,22.119999999999997,28.660000000000004,30.380000000000003,8.192903225806452,13.342142857142857,13.227741935483872,14.735999999999999,21.443870967741937,25.724666666666668,0.3,8.14,3.4,7.5,10.86,18.3,6.32258064516129,7.035714285714286,8.67741935483871,9.666666666666666,10.935483870967742,11.6
1,2022,11.12774193548387,13.91,10.577419354838709,14.266,24.184516129032257,30.69,19.56,21.38,17.04,23.9,30.74,36.42,11.12774193548387,13.91,10.577419354838709,14.266,24.184516129032257,30.69,6.2,8.059999999999999,6.04,3.62,10.26,24.32,6.387096774193548,7.107142857142857,8.67741935483871,9.8,10.903225806451612,11.7
2,2015,13.010368663594468,15.52961089608257,16.167073732718897,18.162142857142857,23.81805376344086,35.44,19.7,21.12857142857143,24.240000000000002,25.03142857142857,30.21142857142857,35.44,13.010368663594468,15.52961089608257,16.167073732718897,18.162142857142857,23.81805376344086,35.44,6.505714285714286,9.602857142857143,7.6049999999999995,9.964285714285714,15.406428571428572,35.44,6.382488479262672,7.192118226600985,8.774193548387096,9.838095238095239,10.903225806451612,6.5
2,2016,14.651935483870966,15.002183908045977,16.076290322580647,19.362666666666666,22.754677419354838,29.73,19.78,20.3,24.02,24.16,29.580000000000002,34.440000000000005,14.651935483870966,15.002183908045977,16.076290322580647,19.362666666666666,22.754677419354838,29.73,9.72,7.6,5.319999999999999,10.649999999999999,13.16,22.98,6.129032258064516,7.0,8.548387096774194,9.666666666666666,10.709677419354838,11.666666666666666
2,2017,10.894193548387095,14.610535714285716,18.015806451612903,19.574333333333335,24.987666666666666,30.600833333333334,16.74,18.080000000000002,27.96,26.139999999999997,29.839999999999996,35.5,10.894193548387095,14.610535714285716,18.015806451612903,19.574333333333335,24.987666666666666,30.600833333333334,1.56,10.6,7.875,9.68,18.380000000000003,23.419999999999998,6.32258064516129,7.214285714285714,8.806451612903226,9.866666666666667,10.935483870967742,11.8
2,2018,13.79483870967742,11.62142857142857,15.130322580645162,18.961333333333336,21.921290322580642,26.982000000000003,21.2,18.52,24.72,24.580000000000002,26.96,31.6,13.79483870967742,11.62142857142857,15.130322580645162,18.961333333333336,21.921290322580642,26.982000000000003,9.14,5.36,8.7,9.34,15.679999999999998,18.660000000000004,6.451612903225806,7.178571428571429,8.774193548387096,9.866666666666667,10.903225806451612,11.8
2,2019,13.15548387096774,16.514285714285712,18.325806451612905,17.159333333333333,23.30258064516129,28.95266666666667,17.94,24.080000000000002,24.68,25.880000000000003,29.139999999999997,36.72,13.15548387096774,16.514285714285712,18.325806451612905,17.159333333333333,23.30258064516129,28.95266666666667,8.540000000000001,9.32,10.82,10.58,18.46,22.7,6.580645161290323,7.285714285714286,8.96774193548387,9.9,10.96774193548387,11.666666666666666
2,2020,12.976774193548387,18.29241379310345,15.919354838709678,18.235333333333333,25.105967741935483,27.976666666666667,17.68,23.419999999999998,27.1,23.580000000000002,30.639999999999997,32.839999999999996,12.976774193548387,18.29241379310345,15.919354838709678,18.235333333333333,25.105967741935483,27.976666666666667,4.74,11.540000000000001,6.7,13.34,16.925,17.66,6.387096774193548,7.344827586206897,8.903225806451612,9.966666666666667,10.96774193548387,11.766666666666667
2,2021,12.095483870967742,16.548571428571428,16.00516129032258,17.016000000000002,23.000645161290322,27.198,24.02,20.7,21.5,25.4,32.46,31.3,12.095483870967742,16.548571428571428,16.00516129032258,17.016000000000002,23.000645161290322,27.198,3.4200000000000004,11.3,4.54,9.459999999999999,13.16,20.740000000000002,6.354838709677419,7.142857142857143,8.741935483870968,9.733333333333333,10.935483870967742,11.733333333333333
2,2022,13.503870967741936,16.117857142857144,13.696774193548388,16.826,25.653548387096773,31.186666666666667,20.54,22.8,19.7,25.48,32.86,37.04,13.503870967741936,16.117857142857144,13.696774193548388,16.826,25.653548387096773,31.186666666666667,8.42,11.5,9.28,6.7,12.080000000000002,24.880000000000003,6.451612903225806,7.178571428571429,8.67741935483871,9.866666666666667,10.903225806451612,11.833333333333334
3,2015,11.493502304147464,13.81800873797795,14.377204301075267,16.584285714285716,22.70948617511521,35.739999999999995,18.314285714285713,20.082857142857144,23.262857142857143,24.005000000000003,29.157142857142862,35.739999999999995,11.493502304147464,13.81800873797795,14.377204301075267,16.584285714285716,22.70948617511521,35.739999999999995,4.614285714285714,7.642857142857143,5.680714285714286,7.950000000000001,14.192857142857141,35.739999999999995,6.276497695852535,7.1465517241379315,8.72811059907834,9.780952380952382,10.88479262672811,6.5
3,2016,13.468064516129031,13.32574712643678,14.581881720430108,17.94783333333333,21.925483870967742,29.128,18.56,19.060000000000002,23.94,23.775,30.160000000000004,35.6,13.468064516129031,13.32574712643678,14.581881720430108,17.94783333333333,21.925483870967742,29.128,7.7,6.14,4.0600000000000005,9.75,14.16,21.22,6.064516129032258,6.931034482758621,8.451612903225806,9.6,10.64516129032258,11.633333333333333
3,2017,9.458064516129031,12.616249999999999,16.741774193548387,18.312833333333334,23.6135,29.593500000000002,15.74,17.56,27.0,26.5,29.839999999999996,35.0,9.458064516129031,12.616249999999999,16.741774193548387,18.312833333333334,23.6135,29.593500000000002,0.48,8.540000000000001,5.625,7.359999999999999,17.84,20.96,6.258064516129032,7.214285714285714,8.774193548387096,9.866666666666667,10.935483870967742,11.766666666666667
3,2018,12.125806451612902,9.960714285714285,13.21290322580645,16.858,20.84967741935484,26.359333333333332,19.64,17.380000000000003,22.419999999999998,23.740000000000002,25.46,31.96,12.125806451612902,9.960714285714285,13.21290322580645,16.858,20.84967741935484,26.359333333333332,7.56,3.1,6.82,6.2,15.379999999999999,17.4,6.32258064516129,7.142857142857143,8.838709677419354,9.833333333333334,10.903225806451612,11.733333333333333
3,2019,11.740645161290322,14.629285714285714,16.848387096774193,15.570666666666666,22.07225806451613,27.286444444444445,16.42,22.32,23.96,23.96,26.860000000000003,36.28,11.740645161290322,14.629285714285714,16.848387096774193,15.570666666666666,22.07225806451613,27.286444444444445,6.74,7.540000000000001,8.76,8.68,15.1,19.46,6.483870967741935,7.214285714285714,8.935483870967742,9.833333333333334,10.903225806451612,11.566666666666666
3,2020,11.316774193548387,16.846206896551724,13.769677419354839,16.678,23.583548387096776,27.488222222222223,15.440000000000001,21.78,26.24,21.28,30.660000000000004,32.88,11.316774193548387,16.846206896551724,13.769677419354839,16.678,23.583548387096776,27.488222222222223,2.1399999999999997,9.48,4.7,10.959999999999999,14.65,17.3,6.161290322580645,7.344827586206897,8.838709677419354,9.9,10.96774193548387,11.733333333333333
3,2021,10.135483870967741,14.400714285714287,14.109677419354838,15.527333333333333,22.291612903225804,26.388666666666666,21.8,19.3,21.2,23.740000000000002,30.04,31.18,10.135483870967741,14.400714285714287,14.109677419354838,15.527333333333333,22.291612903225804,26.388666666666666,1.08,10.02,3.08,7.859999999999999,11.5,18.240000000000002,6.32258064516129,7.035714285714286,8.67741935483871,9.633333333333333,10.935483870967742,11.7
3,2022,12.209677419354838,14.947142857142856,11.376129032258065,15.195333333333334,24.63032258064516,31.022,20.6,23.18,18.080000000000002,25.04,31.080000000000002,36.22,12.209677419354838,14.947142857142856,11.376129032258065,15.195333333333334,24.63032258064516,31.022,6.6,8.68,6.720000000000001,4.84,10.72,24.160000000000004,6.32258064516129,7.142857142857143,8.580645161290322,9.8,10.903225806451612,11.833333333333334
4,2015,11.729677419354838,14.206318027210886,14.834969278033794,17.153309523809522,23.272721198156685,35.54,18.3,20.182857142857138,23.691428571428567,24.177142857142858,29.494285714285713,35.54,11.729677419354838,14.206318027210886,14.834969278033794,17.153309523809522,23.272721198156685,35.54,5.011428571428572,8.234285714285715,6.099285714285714,8.517142857142856,14.532142857142857,35.54,6.354838709677419,7.166959887403237,8.760368663594468,9.809523809523808,10.889400921658986,6.5
4,2016,13.830322580645161,13.749712643678162,14.930913978494624,18.358833333333333,22.005,29.13,18.64,19.48,23.74,24.1,29.580000000000002,35.660000000000004,13.830322580645161,13.749712643678162,14.930913978494624,18.358833333333333,22.005,29.13,8.28,6.6,4.52,9.7,13.26,21.9,6.161290322580645,6.896551724137931,8.451612903225806,9.633333333333333,10.67741935483871,11.566666666666666
4,2017,9.836774193548386,13.20732142857143,17.2241935483871,19.06833333333333,24.635499999999997,30.706,16.06,17.759999999999998,27.74,26.6,30.1,36.760000000000005,9.836774193548386,13.20732142857143,17.2241935483871,19.06833333333333,24.635499999999997,30.706,0.2,9.540000000000001,5.775,7.840000000000001,17.94,22.16,6.258064516129032,7.214285714285714,8.806451612903226,9.866666666666667,10.903225806451612,11.7
4,2018,12.274193548387096,10.293571428571427,13.551612903225807,17.733333333333334,21.27225806451613,26.859333333333332,19.119999999999997,17.119999999999997,23.1,23.54,25.34,32.36,12.274193548387096,10.293571428571427,13.551612903225807,17.733333333333334,21.27225806451613,26.859333333333332,7.74,3.78,6.720000000000001,7.459999999999999,15.719999999999999,17.119999999999997,6.354838709677419,7.178571428571429,8.838709677419354,9.866666666666667,10.903225806451612,11.733333333333333
4,2019,11.953548387096774,15.140714285714285,17.28516129032258,16.049333333333333,22.99483870967742,28.43177777777778,16.5,23.0,24.22,24.26,27.939999999999998,36.6,11.953548387096774,15.140714285714285,17.28516129032258,16.049333333333333,22.99483870967742,28.43177777777778,7.4,7.74,9.16,8.7,17.04,21.02,6.580645161290323,7.285714285714286,8.935483870967742,9.866666666666667,10.935483870967742,11.633333333333333
4,2020,11.68774193548387,17.07862068965517,14.411612903225807,17.39466666666667,24.41306451612903,28.21177777777778,15.74,22.02,27.04,21.880000000000003,31.32,33.220000000000006,11.68774193548387,17.07862068965517,14.411612903225807,17.39466666666667,24.41306451612903,28.21177777777778,2.38,10.459999999999999,4.86,12.5,15.025,18.0,6.32258064516129,7.379310344827586,8.870967741935484,9.933333333333334,10.96774193548387,11.666666666666666
4,2021,10.16709677419355,14.89,14.507096774193547,15.924000000000001,22.345806451612905,26.612666666666666,21.759999999999998,19.34,21.619999999999997,23.880000000000003,30.4,31.1,10.16709677419355,14.89,14.507096774193547,15.924000000000001,22.345806451612905,26.612666666666666,1.6199999999999999,10.1,4.26,8.26,11.7,19.04,6.387096774193548,7.071428571428571,8.709677419354838,9.7,10.935483870967742,11.666666666666666
4,2022,12.358064516129032,15.084285714285715,11.934193548387096,15.544666666666666,25.24258064516129,31.654666666666667,20.28,22.56,18.38,24.98,31.78,37.58,12.358064516129032,15.084285714285715,11.934193548387096,15.544666666666666,25.24258064516129,31.654666666666667,7.459999999999999,9.42,7.4,5.159999999999999,11.040000000000001,25.919999999999998,6.419354838709677,7.142857142857143,8.709677419354838,9.8,10.903225806451612,11.766666666666667
5,2015,11.81184331797235,14.034958362655406,14.566758832565284,16.601714285714287,22.715182795698922,36.22,18.694285714285716,20.074285714285715,23.33142857142857,24.12142857142857,29.294285714285714,36.22,11.81184331797235,14.034958362655406,14.566758832565284,16.601714285714287,22.715182795698922,36.22,4.874285714285714,7.857142857142857,5.971428571428572,8.18642857142857,14.224285714285715,36.22,6.299539170506912,7.141273750879662,8.746543778801842,9.771428571428572,10.87557603686636,6.5
5,2016,13.748709677419354,13.516839080459771,14.796021505376345,17.7655,21.973870967741934,28.994666666666667,18.3,19.380000000000003,23.68,23.65,30.660000000000004,34.86,13.748709677419354,13.516839080459771,14.796021505376345,17.7655,21.973870967741934,28.994666666666667,7.82,5.88,4.4,9.625,13.819999999999999,21.48,6.129032258064516,6.9655172413793105,8.516129032258064,9.566666666666666,10.67741935483871,11.633333333333333
5,2017,9.741290322580646,12.866785714285713,17.08483870967742,18.531166666666667,23.694666666666667,29.644166666666667,15.86,17.119999999999997,27.04,26.2,29.9,34.980000000000004,9.741290322580646,12.866785714285713,17.08483870967742,18.531166666666667,23.694666666666667,29.644166666666667,0.8,8.54,6.4,7.459999999999999,17.880000000000003,21.380000000000003,6.193548387096774,7.178571428571429,8.774193548387096,9.866666666666667,10.903225806451612,11.766666666666667
5,2018,12.544516129032258,10.207857142857142,13.606451612903227,17.070666666666668,20.881290322580647,26.491333333333333,20.28,17.82,22.78,24.14,25.22,32.019999999999996,12.544516129032258,10.207857142857142,13.606451612903227,17.070666666666668,20.881290322580647,26.491333333333333,7.779999999999999,3.4,7.3,6.7,15.1,17.66,6.387096774193548,7.142857142857143,8.870967741935484,9.8,10.870967741935484,11.833333333333334
5,2019,12.087096774193547,14.887142857142859,16.94516129032258,15.692,22.045806451612904,27.24577777777778,17.3,22.48,24.580000000000002,23.919999999999998,26.98,36.8,12.087096774193547,14.887142857142859,16.94516129032258,15.692,22.045806451612904,27.24577777777778,6.659999999999999,7.92,8.82,9.08,15.34,18.919999999999998,6.516129032258065,7.178571428571429,8.96774193548387,9.8,10.903225806451612,11.6
5,2020,11.401935483870966,16.889655172413793,13.78,16.249333333333333,23.50032258064516,27.242,16.1,21.34,25.74,21.82,30.48,32.46,11.401935483870966,16.889655172413793,13.78,16.249333333333333,23.50032258064516,27.242,2.98,9.72,5.279999999999999,11.32,15.05,17.0,6.193548387096774,7.344827586206897,8.870967741935484,9.866666666666667,11.0,11.7
5,2021,10.741935483870968,14.722857142857142,14.134193548387097,15.523333333333333,22.26774193548387,26.354,22.5,19.240000000000002,21.16,24.06,30.560000000000002,31.02,10.741935483870968,14.722857142857142,14.134193548387097,15.523333333333333,22.26774193548387,26.354,1.48,10.6,2.66,7.959999999999999,11.66,18.240000000000002,6.32258064516129,7.035714285714286,8.67741935483871,9.7,10.903225806451612,11.7
5,2022,12.41741935483871,15.153571428571428,11.620645161290323,15.379999999999999,24.64258064516129,31.170666666666666,20.52,23.14,18.34,25.06,31.26,36.67999999999999,12.41741935483871,15.153571428571428,11.620645161290323,15.379999999999999,24.64258064516129,31.170666666666666,6.6,8.940000000000001,6.94,5.16,10.72,24.3,6.354838709677419,7.142857142857143,8.548387096774194,9.8,10.870967741935484,11.833333333333334
6,2015,10.817880184331797,13.40412972085386,14.032311827956988,16.45192857142857,22.735278801843318,35.260000000000005,17.422857142857143,19.674285714285713,22.98857142857143,23.570714285714285,29.16857142857143,35.260000000000005,10.817880184331797,13.40412972085386,14.032311827956988,16.45192857142857,22.735278801843318,35.260000000000005,4.228571428571429,7.068571428571429,5.098571428571428,7.545000000000001,14.188571428571427,35.260000000000005,6.253456221198157,7.106263194933146,8.709677419354838,9.761904761904763,10.880184331797235,6.5
6,2016,12.810967741935483,12.642528735632183,13.993118279569892,17.412,21.516935483870967,28.674,18.119999999999997,18.3,23.5,23.175,29.7,35.38,12.810967741935483,12.642528735632183,13.993118279569892,17.412,21.516935483870967,28.674,6.959999999999999,5.7,3.3600000000000003,9.375,14.559999999999999,20.44,6.032258064516129,6.862068965517241,8.35483870967742,9.566666666666666,10.64516129032258,11.566666666666666
6,2017,9.045806451612904,12.53357142857143,16.848548387096773,18.748833333333334,24.130499999999998,30.2525,15.280000000000001,17.66,27.119999999999997,26.54,30.580000000000002,36.06,9.045806451612904,12.53357142857143,16.848548387096773,18.748833333333334,24.130499999999998,30.2525,0.24,8.18,5.05,7.720000000000001,17.84,20.9,6.193548387096774,7.178571428571429,8.774193548387096,9.866666666666667,10.903225806451612,11.7
6,2018,11.848387096774195,9.832857142857142,12.774838709677418,16.987333333333332,20.858709677419355,26.558666666666667,18.419999999999998,17.1,21.98,24.2,25.9,33.28,11.848387096774195,9.832857142857142,12.774838709677418,16.987333333333332,20.858709677419355,26.558666666666667,7.279999999999999,2.7600000000000002,6.16,5.86,15.76,16.919999999999998,6.354838709677419,7.071428571428571,8.870967741935484,9.833333333333334,10.870967741935484,11.6
6,2019,10.875483870967741,14.195714285714287,16.565161290322582,15.262666666666666,22.23225806451613,27.680666666666664,15.059999999999999,21.64,23.860000000000003,23.5,26.7,36.4,10.875483870967741,14.195714285714287,16.565161290322582,15.262666666666666,22.23225806451613,27.680666666666664,6.32,6.5,8.42,8.22,15.02,19.52,6.483870967741935,7.178571428571429,8.903225806451612,9.766666666666667,10.935483870967742,11.566666666666666
6,2020,10.776774193548386,16.42137931034483,13.43483870967742,16.720666666666666,23.536935483870966,27.872888888888887,14.48,21.64,26.48,20.54,30.76,33.92,10.776774193548386,16.42137931034483,13.43483870967742,16.720666666666666,23.536935483870966,27.872888888888887,1.24,9.32,3.34,9.8,13.84,16.766666666666666,6.129032258064516,7.310344827586207,8.806451612903226,9.933333333333334,10.96774193548387,11.633333333333333
6,2021,8.663870967741936,13.71642857142857,13.713548387096774,15.256,22.13225806451613,26.279999999999998,19.96,19.04,20.28,22.4,28.98,31.160000000000004,8.663870967741936,13.71642857142857,13.713548387096774,15.256,22.13225806451613,26.279999999999998,0.8800000000000001,8.9,3.02,7.74,11.5,18.4,6.290322580645161,7.035714285714286,8.67741935483871,9.6,10.935483870967742,11.6
6,2022,11.703870967741935,14.486428571428572,10.896129032258063,14.776,24.739354838709676,31.29866666666667,20.64,22.34,17.7,24.64,31.560000000000002,36.739999999999995,11.703870967741935,14.486428571428572,10.896129032258063,14.776,24.739354838709676,31.29866666666667,6.68,8.120000000000001,6.34,4.1,10.8,24.22,6.290322580645161,7.107142857142857,8.580645161290322,9.766666666666667,10.903225806451612,11.766666666666667
7,2015,12.112995391705068,14.431756392212057,14.970837173579111,17.111857142857144,23.20796697388633,35.82,18.928571428571427,20.545714285714286,23.720000000000002,24.476428571428574,29.617142857142856,35.82,12.112995391705068,14.431756392212057,14.970837173579111,17.111857142857144,23.20796697388633,35.82,5.171428571428572,8.274285714285714,6.304285714285713,8.550714285714287,14.629999999999999,35.82,6.2949308755760365,7.151653764954259,8.746543778801842,9.780952380952382,10.880184331797235,6.5
7,2016,13.976774193548387,13.870459770114943,15.126182795698925,18.204166666666666,22.142419354838708,29.067333333333334,18.7,19.52,23.740000000000002,23.875,29.880000000000003,34.42,13.976774193548387,13.870459770114943,15.126182795698925,18.204166666666666,22.142419354838708,29.067333333333334,8.3,6.4799999999999995,4.74,9.875,13.940000000000001,21.94,6.096774193548387,6.931034482758621,8.516129032258064,9.6,10.64516129032258,11.633333333333333
7,2017,10.09032258064516,13.367500000000001,17.449032258064516,19.062166666666666,24.338833333333334,30.31683333333333,16.32,18.04,27.78,27.060000000000002,30.52,35.58,10.09032258064516,13.367500000000001,17.449032258064516,19.062166666666666,24.338833333333334,30.31683333333333,0.62,9.16,6.55,8.08,18.46,21.94,6.225806451612903,7.214285714285714,8.806451612903226,9.866666666666667,10.903225806451612,11.766666666666667
7,2018,12.952903225806452,10.723571428571429,14.040000000000001,17.623333333333335,21.49225806451613,26.986666666666668,20.64,18.080000000000002,23.240000000000002,24.119999999999997,26.02,32.22,12.952903225806452,10.723571428571429,14.040000000000001,17.623333333333335,21.49225806451613,26.986666666666668,8.440000000000001,3.8600000000000003,7.68,7.12,15.9,18.14,6.354838709677419,7.142857142857143,8.838709677419354,9.8,10.903225806451612,11.766666666666667
7,2019,12.358709677419355,15.319285714285714,17.453548387096777,16.226000000000003,22.654838709677417,27.901777777777777,17.259999999999998,23.04,24.6,24.5,27.46,37.019999999999996,12.358709677419355,15.319285714285714,17.453548387096777,16.226000000000003,22.654838709677417,27.901777777777777,7.32,8.36,9.24,9.059999999999999,15.940000000000001,19.96,6.516129032258065,7.25,8.935483870967742,9.833333333333334,10.903225806451612,11.566666666666666
7,2020,11.93741935483871,17.318620689655173,14.250967741935485,17.022,24.036451612903225,27.712222222222223,16.259999999999998,22.080000000000002,26.48,21.98,30.82,33.0,11.93741935483871,17.318620689655173,14.250967741935485,17.022,24.036451612903225,27.712222222222223,2.84,10.1,5.36,12.0,15.25,17.54,6.193548387096774,7.344827586206897,8.870967741935484,9.9,10.96774193548387,11.7
7,2021,10.79483870967742,14.982857142857142,14.525161290322579,15.914666666666667,22.610967741935486,26.788666666666664,22.5,19.64,21.5,24.32,30.860000000000003,31.48,10.79483870967742,14.982857142857142,14.525161290322579,15.914666666666667,22.610967741935486,26.788666666666664,1.72,10.76,3.3,8.32,11.84,18.740000000000002,6.32258064516129,7.035714285714286,8.67741935483871,9.666666666666666,10.935483870967742,11.7
7,2022,12.68,15.44,11.950967741935484,15.730666666666668,25.18,31.65666666666667,20.82,23.419999999999998,18.7,25.48,31.76,37.3,12.68,15.44,11.950967741935484,15.730666666666668,25.18,31.65666666666667,6.959999999999999,9.2,7.26,5.4,11.080000000000002,24.78,6.354838709677419,7.142857142857143,8.580645161290322,9.8,10.903225806451612,11.833333333333334
8,2015,11.209216589861752,13.610619282195639,14.205076804915516,16.497119047619048,22.664394777265745,35.36,17.931428571428572,19.857142857142858,23.17142857142857,23.742142857142856,29.102857142857143,35.36,11.209216589861752,13.610619282195639,14.205076804915516,16.497119047619048,22.664394777265745,35.36,4.394285714285714,7.46,5.491428571428571,7.8307142857142855,14.120714285714286,35.36,6.271889400921658,7.1113652357494725,8.72811059907834,9.766666666666667,10.889400921658986,6.5
8,2016,13.076129032258065,12.893448275862069,14.182311827956989,17.616833333333332,21.595161290322583,28.795333333333335,18.18,18.52,23.52,23.375,29.8,35.5,13.076129032258065,12.893448275862069,14.182311827956989,17.616833333333332,21.595161290322583,28.795333333333335,7.3,5.9399999999999995,3.66,9.575,14.34,20.740000000000002,6.064516129032258,6.862068965517241,8.387096774193548,9.566666666666666,10.64516129032258,11.6
8,2017,9.249677419354839,12.620714285714286,16.73516129032258,18.442999999999998,23.838666666666665,29.855,15.38,17.52,27.439999999999998,26.419999999999998,29.880000000000003,35.36,9.249677419354839,12.620714285714286,16.73516129032258,18.442999999999998,23.838666666666665,29.855,-0.039999999999999994,8.52,5.3,7.6,17.639999999999997,20.94,6.225806451612903,7.178571428571429,8.774193548387096,9.833333333333334,10.935483870967742,11.733333333333333
8,2018,11.976774193548389,9.822142857142856,13.044516129032258,16.925333333333334,20.64258064516129,26.269333333333336,19.18,16.96,22.16,23.740000000000002,25.24,32.0,11.976774193548389,9.822142857142856,13.044516129032258,16.925333333333334,20.64258064516129,26.269333333333336,7.460000000000001,3.02,6.459999999999999,6.18,15.219999999999999,16.64,6.32258064516129,7.107142857142857,8.806451612903226,9.866666666666667,10.903225806451612,11.7
8,2019,11.42258064516129,14.48857142857143,16.681935483870966,15.433333333333334,22.173548387096773,27.429111111111112,15.959999999999999,22.380000000000003,23.759999999999998,23.56,26.96,36.32,11.42258064516129,14.48857142857143,16.681935483870966,15.433333333333334,22.173548387096773,27.429111111111112,6.7,7.12,8.680000000000001,8.22,15.34,19.66,6.483870967741935,7.178571428571429,8.935483870967742,9.866666666666667,10.935483870967742,11.633333333333333
8,2020,11.149677419354838,16.595172413793104,13.635483870967741,16.659333333333333,23.64274193548387,27.717777777777776,15.12,21.759999999999998,26.4,20.96,30.839999999999996,33.14,11.149677419354838,16.595172413793104,13.635483870967741,16.659333333333333,23.64274193548387,27.717777777777776,1.7399999999999998,9.42,4.3,11.0,14.425,17.44,6.161290322580645,7.310344827586207,8.870967741935484,9.9,10.96774193548387,11.666666666666666
8,2021,9.576774193548387,14.119285714285715,13.904516129032256,15.334,22.03483870967742,26.255333333333333,21.119999999999997,19.119999999999997,20.98,23.380000000000003,29.72,30.919999999999998,9.576774193548387,14.119285714285715,13.904516129032256,15.334,22.03483870967742,26.255333333333333,0.9,9.580000000000002,3.3,7.62,11.28,18.360000000000003,6.290322580645161,7.035714285714286,8.67741935483871,9.566666666666666,10.935483870967742,11.666666666666666
8,2022,12.01290322580645,14.735,11.251612903225807,15.068000000000001,24.723225806451612,31.072,20.580000000000002,22.740000000000002,17.94,24.759999999999998,31.28,36.519999999999996,12.01290322580645,14.735,11.251612903225807,15.068000000000001,24.723225806451612,31.072,6.7,8.62,6.74,4.62,10.6,24.5,6.354838709677419,7.107142857142857,8.64516129032258,9.766666666666667,10.903225806451612,11.8
9,2015,12.471797235023043,14.669273692235512,15.239715821812597,17.285,23.328248847926268,35.2,19.34857142857143,20.694285714285716,23.759999999999998,24.474285714285713,29.47142857142857,35.2,12.471797235023043,14.669273692235512,15.239715821812597,17.285,23.328248847926268,35.2,5.451428571428572,8.38,6.575714285714286,8.754999999999999,14.802857142857144,35.2,6.290322580645161,7.13106966924701,8.737327188940093,9.766666666666667,10.87557603686636,6.5
9,2016,14.307741935483872,14.183333333333334,15.383817204301074,18.296666666666667,22.261451612903226,28.873333333333335,19.18,19.98,23.48,23.84,29.060000000000002,33.98,14.307741935483872,14.183333333333334,15.383817204301074,18.296666666666667,22.261451612903226,28.873333333333335,8.8,6.74,5.140000000000001,9.925,14.540000000000001,22.2,6.064516129032258,6.9655172413793105,8.483870967741936,9.566666666666666,10.67741935483871,11.666666666666666
9,2017,10.549032258064516,13.577321428571429,17.830322580645163,19.273000000000003,24.43,30.34466666666667,16.919999999999998,17.880000000000003,27.439999999999998,27.139999999999997,30.54,35.8,10.549032258064516,13.577321428571429,17.830322580645163,19.273000000000003,24.43,30.34466666666667,1.1400000000000001,9.36,7.25,8.1,18.4,21.96,6.225806451612903,7.178571428571429,8.806451612903226,9.866666666666667,10.903225806451612,11.8
9,2018,13.358709677419355,11.000714285714285,14.531612903225808,17.808,21.858064516129033,27.233333333333334,21.06,18.78,23.66,22.740000000000002,26.2,32.8,13.358709677419355,11.000714285714285,14.531612903225808,17.808,21.858064516129033,27.233333333333334,8.620000000000001,3.88,8.24,7.32,16.119999999999997,18.18,6.387096774193548,7.142857142857143,8.870967741935484,9.8,10.870967741935484,11.833333333333334
9,2019,12.790967741935484,15.44,17.700000000000003,16.42866666666667,22.674193548387095,27.89711111111111,17.56,22.72,25.04,25.080000000000002,27.52,37.14,12.790967741935484,15.44,17.700000000000003,16.42866666666667,22.674193548387095,27.89711111111111,7.5,8.82,9.3,9.6,15.84,19.4,6.483870967741935,7.178571428571429,8.935483870967742,9.8,10.903225806451612,11.633333333333333
9,2020,12.09483870967742,17.780689655172413,14.481935483870968,17.148666666666667,24.041774193548385,27.538888888888888,16.7,22.48,26.26,22.4,30.360000000000003,32.88,12.09483870967742,17.780689655172413,14.481935483870968,17.148666666666667,24.041774193548385,27.538888888888888,3.3200000000000003,10.3,5.7,11.82,15.16,17.740000000000002,6.161290322580645,7.344827586206897,8.870967741935484,9.866666666666667,11.0,11.733333333333333
9,2021,11.198064516129032,14.916428571428572,14.638064516129033,16.103333333333335,22.930967741935483,26.899333333333335,23.06,18.919999999999998,21.4,24.22,30.7,31.74,11.198064516129032,14.916428571428572,14.638064516129033,16.103333333333335,22.930967741935483,26.899333333333335,1.8399999999999999,10.3,3.02,8.66,12.24,18.52,6.354838709677419,7.0,8.67741935483871,9.7,10.903225806451612,11.733333333333333
9,2022,13.003225806451614,15.786428571428571,12.11225806451613,15.936666666666667,25.101290322580645,31.56066666666667,20.96,24.1,19.04,25.9,31.919999999999998,37.4,13.003225806451614,15.786428571428571,12.11225806451613,15.936666666666667,25.101290322580645,31.56066666666667,6.94,9.26,7.38,5.86,11.32,24.7,6.354838709677419,7.107142857142857,8.516129032258064,9.766666666666667,10.870967741935484,11.866666666666667
10,2015,12.77811059907834,14.87434523809524,15.421935483870968,17.39945238095238,23.32705376344086,35.92,19.654285714285717,20.84,23.919999999999998,24.68857142857143,29.53142857142857,35.92,12.77811059907834,14.87434523809524,15.421935483870968,17.39945238095238,23.32705376344086,35.92,5.914285714285714,8.934285714285716,6.937142857142858,9.155714285714286,14.854285714285712,35.92,6.267281105990783,7.126143560872625,8.774193548387098,9.776190476190477,10.907834101382488,6.5
10,2016,14.876451612903226,14.723045977011493,15.899516129032257,18.716333333333335,22.82935483870968,29.406000000000002,19.880000000000003,20.78,24.48,24.4,29.6,34.739999999999995,14.876451612903226,14.723045977011493,15.899516129032257,18.716333333333335,22.82935483870968,29.406000000000002,9.28,7.140000000000001,5.5600000000000005,10.35,14.919999999999998,22.72,6.064516129032258,7.0,8.612903225806452,9.6,10.741935483870968,11.633333333333333
10,2017,10.701935483870967,13.70375,17.779838709677417,19.046499999999998,23.965666666666667,29.80183333333333,16.84,17.54,27.939999999999998,26.660000000000004,29.8,34.92,10.701935483870967,13.70375,17.779838709677417,19.046499999999998,23.965666666666667,29.80183333333333,2.3,10.32,7.88,8.120000000000001,17.4,21.82,6.161290322580645,7.142857142857143,8.806451612903226,9.866666666666667,10.903225806451612,11.866666666666667
10,2018,13.581935483870968,10.956428571428571,14.644516129032258,17.719333333333335,21.771612903225805,27.162,21.32,18.919999999999998,23.66,23.28,26.080000000000002,32.46,13.581935483870968,10.956428571428571,14.644516129032258,17.719333333333335,21.771612903225805,27.162,8.459999999999999,4.12,8.4,7.74,15.939999999999998,18.74,6.354838709677419,7.142857142857143,8.903225806451612,9.8,10.903225806451612,11.866666666666667
10,2019,12.899999999999999,15.42,17.54,16.512,22.40064516129032,27.675333333333334,17.44,22.34,24.4,25.28,27.82,36.64,12.899999999999999,15.42,17.54,16.512,22.40064516129032,27.675333333333334,7.6,8.959999999999999,9.620000000000001,10.059999999999999,15.959999999999999,19.5,6.483870967741935,7.142857142857143,8.96774193548387,9.8,10.935483870967742,11.666666666666666
10,2020,12.364516129032259,18.158620689655173,14.834838709677419,17.43933333333333,24.247258064516128,27.427333333333333,17.4,23.0,26.380000000000003,22.9,30.54,32.62,12.364516129032259,18.158620689655173,14.834838709677419,17.43933333333333,24.247258064516128,27.427333333333333,4.220000000000001,10.82,6.26,12.6,15.540000000000001,17.7,6.225806451612903,7.275862068965517,8.870967741935484,9.833333333333334,11.03225806451613,11.766666666666667
10,2021,11.905806451612902,15.367142857142856,14.847096774193549,16.256666666666668,23.037419354838708,26.924666666666667,23.580000000000002,19.14,21.66,24.54,31.04,31.9,11.905806451612902,15.367142857142856,14.847096774193549,16.256666666666668,23.037419354838708,26.924666666666667,2.56,11.379999999999999,3.08,9.059999999999999,12.76,18.94,6.32258064516129,7.035714285714286,8.709677419354838,9.766666666666667,10.935483870967742,11.733333333333333
10,2022,13.116129032258065,15.791428571428572,12.407741935483871,16.106,25.037419354838708,31.304,21.119999999999997,24.16,18.919999999999998,25.76,31.839999999999996,37.14,13.116129032258065,15.791428571428572,12.407741935483871,16.106,25.037419354838708,31.304,6.9799999999999995,9.8,7.76,6.16,11.459999999999999,24.8,6.258064516129032,7.142857142857143,8.548387096774194,9.766666666666667,10.903225806451612,11.9
11,2015,12.764884792626727,15.332039057002111,15.890706605222734,18.028904761904762,23.93452304147465,35.339999999999996,19.502857142857142,20.931428571428572,24.325714285714287,24.897142857142857,30.15142857142857,35.339999999999996,12.764884792626727,15.332039057002111,15.890706605222734,18.028904761904762,23.93452304147465,35.339999999999996,6.097142857142857,9.505714285714285,7.245,9.561428571428573,15.305714285714286,35.339999999999996,6.336405529953916,7.171885995777621,8.778801843317972,9.828571428571431,10.88479262672811,6.5
11,2016,14.387096774193548,14.861034482758619,15.949623655913978,19.220666666666666,22.693387096774195,29.729333333333333,19.52,20.240000000000002,23.98,24.1,29.560000000000002,34.440000000000005,14.387096774193548,14.861034482758619,15.949623655913978,19.220666666666666,22.693387096774195,29.729333333333333,9.42,7.24,5.04,10.45,12.98,22.8,6.096774193548387,6.9655172413793105,8.548387096774194,9.666666666666666,10.67741935483871,11.633333333333333
11,2017,10.73225806451613,14.343214285714286,18.063387096774196,19.769000000000002,25.1115,30.862666666666666,16.72,17.78,28.6,26.78,30.28,36.0,10.73225806451613,14.343214285714286,18.063387096774196,19.769000000000002,25.1115,30.862666666666666,1.22,10.98,7.375,9.48,18.66,23.259999999999998,6.225806451612903,7.178571428571429,8.806451612903226,9.866666666666667,10.903225806451612,11.8
11,2018,13.68,11.502857142857142,14.894838709677419,18.637999999999998,22.003225806451614,27.312,21.240000000000002,18.52,24.2,24.2,26.060000000000002,32.239999999999995,13.68,11.502857142857142,14.894838709677419,18.637999999999998,22.003225806451614,27.312,9.18,5.32,8.58,8.540000000000001,16.14,18.8,6.451612903225806,7.178571428571429,8.838709677419354,9.866666666666667,10.903225806451612,11.8
11,2019,12.827741935483871,16.189285714285713,18.133548387096774,17.031333333333333,23.343225806451613,28.873333333333335,17.740000000000002,23.86,24.72,25.419999999999998,28.5,36.980000000000004,12.827741935483871,16.189285714285713,18.133548387096774,17.031333333333333,23.343225806451613,28.873333333333335,7.959999999999999,9.059999999999999,10.32,10.040000000000001,18.1,22.28,6.516129032258065,7.25,8.96774193548387,9.866666666666667,10.903225806451612,11.666666666666666
11,2020,12.610322580645162,18.019310344827588,15.332258064516129,17.911333333333335,25.18,28.550444444444445,17.259999999999998,22.860000000000003,27.26,22.759999999999998,31.72,33.58,12.610322580645162,18.019310344827588,15.332258064516129,17.911333333333335,25.18,28.550444444444445,3.7399999999999998,11.28,6.38,12.919999999999998,16.5,17.96,6.290322580645161,7.344827586206897,8.903225806451612,9.933333333333334,10.96774193548387,11.766666666666667
11,2021,11.69741935483871,16.321428571428573,15.639999999999999,16.964666666666666,23.256774193548388,27.456666666666667,23.54,20.3,21.98,25.32,32.08,32.08,11.69741935483871,16.321428571428573,15.639999999999999,16.964666666666666,23.256774193548388,27.456666666666667,2.9,11.5,4.24,9.3,12.88,20.34,6.354838709677419,7.107142857142857,8.741935483870968,9.733333333333333,10.935483870967742,11.7
11,2022,13.419354838709678,16.087142857142858,13.221290322580646,16.667333333333332,25.953548387096774,31.856666666666666,20.5,22.96,19.54,25.7,32.86,37.3,13.419354838709678,16.087142857142858,13.221290322580646,16.667333333333332,25.953548387096774,31.856666666666666,8.26,11.16,8.78,6.2,11.879999999999999,26.5,6.419354838709677,7.178571428571429,8.64516129032258,9.866666666666667,10.903225806451612,11.833333333333334
12,2015,12.48451612903226,14.794578935022283,15.354792626728111,17.505142857142857,23.579163594470042,35.88,19.274285714285718,21.005714285714284,23.997142857142855,24.90857142857143,29.81142857142857,35.88,12.48451612903226,14.794578935022283,15.354792626728111,17.505142857142857,23.579163594470042,35.88,5.502857142857143,8.465714285714286,6.645714285714285,8.868571428571428,15.075,35.88,6.285714285714286,7.1465517241379315,8.723502304147464,9.780952380952382,10.88479262672811,6.5
12,2016,14.379999999999999,14.309022988505747,15.536774193548387,18.617666666666665,22.51774193548387,29.37066666666667,19.18,19.919999999999998,23.96,24.2,29.919999999999998,34.72,14.379999999999999,14.309022988505747,15.536774193548387,18.617666666666665,22.51774193548387,29.37066666666667,8.78,6.94,5.24,10.2,14.419999999999998,22.3,6.096774193548387,6.931034482758621,8.451612903225806,9.6,10.64516129032258,11.633333333333333
12,2017,10.572903225806451,13.741428571428571,17.93,19.483666666666668,24.7485,30.71066666666667,16.96,18.6,28.02,27.7,30.96,36.12,10.572903225806451,13.741428571428571,17.93,19.483666666666668,24.7485,30.71066666666667,1.04,9.52,7.0,8.36,19.14,22.160000000000004,6.225806451612903,7.214285714285714,8.741935483870968,9.866666666666667,10.935483870967742,11.766666666666667
12,2018,13.355483870967742,11.143571428571429,14.518709677419354,18.030666666666665,21.998709677419356,27.44,20.880000000000003,18.72,23.68,24.740000000000002,26.360000000000003,33.06,13.355483870967742,11.143571428571429,14.518709677419354,18.030666666666665,21.998709677419356,27.44,8.72,3.94,8.120000000000001,7.44,16.46,18.48,6.354838709677419,7.142857142857143,8.838709677419354,9.833333333333334,10.903225806451612,11.733333333333333
12,2019,12.816774193548387,15.620000000000001,17.86,16.62066666666667,23.016774193548386,28.208666666666666,17.52,23.240000000000002,24.98,25.16,27.76,37.260000000000005,12.816774193548387,15.620000000000001,17.86,16.62066666666667,23.016774193548386,28.208666666666666,7.719999999999999,8.72,9.540000000000001,9.74,16.119999999999997,20.06,6.483870967741935,7.214285714285714,8.935483870967742,9.833333333333334,10.903225806451612,11.566666666666666
12,2020,12.165806451612903,17.7951724137931,14.574838709677419,17.387999999999998,24.27758064516129,28.03311111111111,16.56,22.619999999999997,26.919999999999998,22.26,31.0,33.46,12.165806451612903,17.7951724137931,14.574838709677419,17.387999999999998,24.27758064516129,28.03311111111111,3.1,10.26,5.64,11.74,15.525,18.0,6.193548387096774,7.344827586206897,8.870967741935484,9.9,10.96774193548387,11.666666666666666
12,2021,11.021935483870967,15.122857142857143,14.830322580645161,16.311333333333334,23.083870967741937,27.104666666666667,22.8,19.8,21.46,24.279999999999998,30.72,31.880000000000003,11.021935483870967,15.122857142857143,14.830322580645161,16.311333333333334,23.083870967741937,27.104666666666667,1.8399999999999999,10.440000000000001,3.4799999999999995,8.84,12.36,18.880000000000003,6.290322580645161,7.035714285714286,8.67741935483871,9.633333333333333,10.935483870967742,11.7
12,2022,13.078709677419354,15.83,12.232903225806453,16.084,25.410967741935483,31.816666666666666,21.02,24.14,18.96,26.02,31.96,37.6,13.078709677419354,15.83,12.232903225806453,16.084,25.410967741935483,31.816666666666666,7.32,9.440000000000001,7.5,5.76,11.5,25.02,6.354838709677419,7.142857142857143,8.548387096774194,9.8,10.903225806451612,11.833333333333334
13,2015,11.836175115207372,14.260220501993901,14.819024577572966,17.06590476190476,23.20172580645161,35.36,18.545714285714286,20.34857142857143,23.66857142857143,24.249285714285712,29.525714285714287,35.36,11.836175115207372,14.260220501993901,14.819024577572966,17.06590476190476,23.20172580645161,35.36,5.025714285714286,8.194285714285714,6.15,8.413571428571428,14.456428571428573,35.36,6.32258064516129,7.151653764954259,8.751152073732717,9.804761904761904,10.88479262672811,6.5
13,2016,13.81258064516129,13.729597701149427,14.890752688172043,18.188166666666667,21.916612903225804,28.910666666666664,18.52,19.36,23.5,23.725,29.48,34.9,13.81258064516129,13.729597701149427,14.890752688172043,18.188166666666667,21.916612903225804,28.910666666666664,8.36,6.540000000000001,4.5600000000000005,9.675,13.48,21.7,6.129032258064516,6.931034482758621,8.483870967741936,9.633333333333333,10.64516129032258,11.6
13,2017,9.879354838709677,13.292857142857143,17.273387096774194,19.007833333333334,24.4995,30.55933333333333,16.22,18.02,27.860000000000003,26.8,30.18,36.12,9.879354838709677,13.292857142857143,17.273387096774194,19.007833333333334,24.4995,30.55933333333333,0.27999999999999997,9.4,6.35,8.1,18.2,22.080000000000002,6.225806451612903,7.178571428571429,8.806451612903226,9.866666666666667,10.903225806451612,11.733333333333333
13,2018,12.579354838709676,10.433571428571428,13.78,17.69333333333333,21.29548387096774,26.794,19.94,17.619999999999997,23.18,23.919999999999998,25.6,31.8,12.579354838709676,10.433571428571428,13.78,17.69333333333333,21.29548387096774,26.794,8.16,3.7,7.220000000000001,7.220000000000001,15.720000000000002,17.82,6.419354838709677,7.142857142857143,8.838709677419354,9.833333333333334,10.903225806451612,11.733333333333333
13,2019,12.003870967741936,15.112142857142857,17.218709677419355,16.028,22.683870967741935,28.000222222222224,16.759999999999998,23.04,24.2,24.22,27.560000000000002,36.56,12.003870967741936,15.112142857142857,17.218709677419355,16.028,22.683870967741935,28.000222222222224,7.220000000000001,7.94,9.120000000000001,8.64,16.28,20.439999999999998,6.516129032258065,7.25,8.935483870967742,9.866666666666667,10.935483870967742,11.666666666666666
13,2020,11.675483870967742,17.025517241379312,14.17483870967742,16.996666666666666,24.250806451612902,28.228666666666665,15.919999999999998,21.78,26.76,21.619999999999997,31.5,33.38,11.675483870967742,17.025517241379312,14.17483870967742,16.996666666666666,24.250806451612902,28.228666666666665,2.3600000000000003,10.12,5.0200000000000005,12.059999999999999,15.075,17.66,6.258064516129032,7.344827586206897,8.870967741935484,9.933333333333334,10.96774193548387,11.666666666666666
13,2021,10.436129032258064,15.040714285714285,14.531612903225808,15.938666666666666,22.501935483870966,26.815333333333335,22.04,19.8,21.740000000000002,24.259999999999998,30.7,31.5,10.436129032258064,15.040714285714285,14.531612903225808,15.938666666666666,22.501935483870966,26.815333333333335,1.6199999999999999,10.4,3.5200000000000005,7.9799999999999995,11.559999999999999,18.82,6.32258064516129,7.071428571428571,8.709677419354838,9.666666666666666,10.935483870967742,11.666666666666666
13,2022,12.466451612903224,15.187142857142858,11.863870967741937,15.608666666666666,25.263870967741934,31.69,20.419999999999998,22.82,18.439999999999998,25.2,31.660000000000004,37.32,12.466451612903224,15.187142857142858,11.863870967741937,15.608666666666666,25.263870967741934,31.69,7.18,9.26,7.26,5.220000000000001,10.879999999999999,25.28,6.387096774193548,7.142857142857143,8.612903225806452,9.833333333333334,10.903225806451612,11.8
14,2015,10.488755760368665,12.86447601454375,13.443479262672811,15.714,21.87383333333333,34.9,17.274285714285714,19.16857142857143,22.37142857142857,23.017857142857142,28.282857142857146,34.9,10.488755760368665,12.86447601454375,13.443479262672811,15.714,21.87383333333333,34.9,3.6342857142857143,6.694285714285714,4.738571428571428,7.0114285714285725,13.330714285714285,34.9,6.271889400921659,7.136523574947221,8.72811059907834,9.780952380952382,10.889400921658986,6.5
14,2016,12.547096774193548,12.384367816091954,13.638870967741935,17.091,21.062096774193545,28.371333333333332,17.84,18.3,23.04,22.925,29.380000000000003,35.06,12.547096774193548,12.384367816091954,13.638870967741935,17.091,21.062096774193545,28.371333333333332,6.68,5.220000000000001,3.12,8.9,13.34,20.240000000000002,6.032258064516129,6.896551724137931,8.451612903225806,9.633333333333333,10.64516129032258,11.633333333333333
14,2017,8.435483870967742,11.706249999999999,15.818387096774194,17.454333333333334,22.836833333333335,28.8245,14.62,16.759999999999998,26.28,25.56,28.939999999999998,34.18,8.435483870967742,11.706249999999999,15.818387096774194,17.454333333333334,22.836833333333335,28.8245,-0.64,7.7,4.55,6.540000000000001,16.84,20.04,6.258064516129032,7.178571428571429,8.774193548387096,9.866666666666667,10.935483870967742,11.766666666666667
14,2018,11.100000000000001,8.947857142857142,12.201935483870967,16.029999999999998,19.865806451612904,25.428,18.4,16.2,21.4,22.82,24.4,31.04,11.100000000000001,8.947857142857142,12.201935483870967,16.029999999999998,19.865806451612904,25.428,6.540000000000001,2.1399999999999997,5.66,5.26,14.440000000000001,16.36,6.32258064516129,7.142857142857143,8.806451612903226,9.833333333333334,10.903225806451612,11.733333333333333
14,2019,10.680645161290323,13.671428571428573,15.881935483870969,14.605333333333334,21.24774193548387,26.496222222222222,15.24,21.439999999999998,22.9,22.84,26.080000000000002,35.32,10.680645161290323,13.671428571428573,15.881935483870969,14.605333333333334,21.24774193548387,26.496222222222222,5.86,6.380000000000001,7.88,7.58,14.34,18.84,6.483870967741935,7.214285714285714,8.935483870967742,9.833333333333334,10.935483870967742,11.6
14,2020,10.363225806451613,15.899999999999999,12.87225806451613,15.880666666666666,22.899838709677418,26.910222222222224,14.36,20.98,25.580000000000002,20.22,29.98,32.28,10.363225806451613,15.899999999999999,12.87225806451613,15.880666666666666,22.899838709677418,26.910222222222224,1.04,8.62,3.66,9.98,13.875,16.64,6.161290322580645,7.344827586206897,8.838709677419354,9.9,10.96774193548387,11.7
14,2021,9.027096774193547,13.454285714285716,13.219354838709679,14.654666666666666,21.386451612903226,25.541333333333334,20.7,18.380000000000003,20.259999999999998,22.72,28.98,30.28,9.027096774193547,13.454285714285716,13.219354838709679,14.654666666666666,21.386451612903226,25.541333333333334,0.13999999999999999,9.02,2.38,6.94,10.620000000000001,17.419999999999998,6.290322580645161,7.035714285714286,8.67741935483871,9.6,10.935483870967742,11.7
14,2022,11.26774193548387,13.987142857142857,10.471612903225807,14.282,23.818064516129034,30.141333333333332,19.759999999999998,22.119999999999997,17.139999999999997,24.04,30.22,35.36,11.26774193548387,13.987142857142857,10.471612903225807,14.282,23.818064516129034,30.141333333333332,5.82,7.779999999999999,5.92,3.88,9.86,23.54,6.354838709677419,7.142857142857143,8.612903225806452,9.8,10.903225806451612,11.833333333333334
15,2015,11.168755760368665,13.497368050668543,14.05720430107527,16.25838095238095,22.37135714285714,35.42,17.96,19.637142857142855,22.865714285714287,23.610714285714288,28.82857142857143,35.42,11.168755760368665,13.497368050668543,14.05720430107527,16.25838095238095,22.37135714285714,35.42,4.28,7.402857142857143,5.401428571428572,7.667142857142857,13.775714285714287,35.42,6.290322580645161,7.151653764954259,8.741935483870966,9.795238095238094,10.88479262672811,6.5
15,2016,13.212258064516128,13.063275862068965,14.294139784946237,17.617666666666665,21.55322580645161,28.694000000000003,18.119999999999997,18.8,23.34,23.475,29.74,34.980000000000004,13.212258064516128,13.063275862068965,14.294139784946237,17.617666666666665,21.55322580645161,28.694000000000003,7.44,5.779999999999999,3.8200000000000003,9.35,13.4,21.080000000000002,6.064516129032258,6.931034482758621,8.548387096774194,9.633333333333333,10.64516129032258,11.633333333333333
15,2017,9.064516129032258,12.334999999999999,16.38241935483871,18.005,23.3395,29.340500000000002,15.24,17.080000000000002,26.8,26.18,29.380000000000003,34.480000000000004,9.064516129032258,12.334999999999999,16.38241935483871,18.005,23.3395,29.340500000000002,-0.06000000000000001,8.36,5.35,7.12,17.3,20.9,6.258064516129032,7.214285714285714,8.774193548387096,9.866666666666667,10.903225806451612,11.766666666666667
15,2018,11.828387096774193,9.61,12.927096774193549,16.641333333333332,20.403870967741934,25.918,19.339999999999996,16.86,22.14,23.06,24.86,31.160000000000004,11.828387096774193,9.61,12.927096774193549,16.641333333333332,20.403870967741934,25.918,7.3,2.9,6.459999999999999,6.0600000000000005,14.86,17.1,6.354838709677419,7.142857142857143,8.838709677419354,9.866666666666667,10.935483870967742,11.733333333333333
15,2019,11.35741935483871,14.338571428571429,16.443870967741937,15.232,21.723225806451612,26.987111111111112,16.18,22.1,23.46,23.5,26.560000000000002,35.9,11.35741935483871,14.338571428571429,16.443870967741937,15.232,21.723225806451612,26.987111111111112,6.42,7.2,8.379999999999999,8.06,15.040000000000001,19.2,6.516129032258065,7.25,8.935483870967742,9.833333333333334,10.903225806451612,11.566666666666666
15,2020,11.066451612903226,16.427586206896553,13.489032258064517,16.336666666666666,23.423548387096773,27.30666666666667,15.220000000000002,21.3,25.860000000000003,21.04,30.48,32.42,11.066451612903226,16.427586206896553,13.489032258064517,16.336666666666666,23.423548387096773,27.30666666666667,1.8199999999999998,9.3,4.5,11.18,14.45,16.86,6.193548387096774,7.344827586206897,8.838709677419354,9.9,10.96774193548387,11.7
15,2021,9.85225806451613,14.16,13.74709677419355,15.106666666666666,21.76451612903226,25.967333333333332,21.54,18.8,20.740000000000002,23.44,29.9,30.639999999999997,9.85225806451613,14.16,13.74709677419355,15.106666666666666,21.76451612903226,25.967333333333332,0.8800000000000001,9.84,2.8,7.44,11.1,17.98,6.290322580645161,7.035714285714286,8.67741935483871,9.666666666666666,10.935483870967742,11.7
15,2022,11.8,14.547142857142857,11.116774193548387,14.869333333333334,24.391612903225806,30.851333333333333,20.080000000000002,22.52,17.72,24.580000000000002,30.880000000000003,36.22,11.8,14.547142857142857,11.116774193548387,14.869333333333334,24.391612903225806,30.851333333333333,6.16,8.440000000000001,6.5,4.46,10.28,24.1,6.354838709677419,7.142857142857143,8.580645161290322,9.8,10.903225806451612,11.833333333333334
16,2015,11.588341013824886,13.910160978184377,14.449339477726573,16.588642857142855,22.67222657450077,36.44,18.442857142857143,19.845714285714283,23.24857142857143,23.865714285714287,29.185714285714287,36.44,11.588341013824886,13.910160978184377,14.449339477726573,16.588642857142855,22.67222657450077,36.44,4.782857142857142,7.922857142857142,5.812142857142858,8.096428571428572,14.117857142857144,36.44,6.290322580645161,7.1465517241379315,8.764976958525345,9.785714285714286,10.88479262672811,6.5
16,2016,13.685483870967742,13.555172413793104,14.84295698924731,18.078333333333333,22.145967741935483,29.291999999999998,18.66,19.32,24.36,23.9,30.78,35.3,13.685483870967742,13.555172413793104,14.84295698924731,18.078333333333333,22.145967741935483,29.291999999999998,7.859999999999999,6.04,4.18,9.775,13.8,21.4,6.096774193548387,6.931034482758621,8.548387096774194,9.6,10.709677419354838,11.666666666666666
16,2017,9.390322580645162,12.666250000000002,16.661129032258064,18.28083333333333,23.578166666666668,29.552666666666667,15.459999999999999,17.0,27.080000000000002,25.82,29.6,34.72,9.390322580645162,12.666250000000002,16.661129032258064,18.28083333333333,23.578166666666668,29.552666666666667,0.62,8.92,5.925,7.44,17.36,21.44,6.193548387096774,7.178571428571429,8.806451612903226,9.866666666666667,10.903225806451612,11.8
16,2018,12.179354838709678,9.92,13.234193548387097,16.854666666666667,20.625806451612902,26.15,19.96,17.22,22.46,23.2,25.04,31.2,12.179354838709678,9.92,13.234193548387097,16.854666666666667,20.625806451612902,26.15,7.6,3.4200000000000004,6.9,6.34,14.86,17.619999999999997,6.419354838709677,7.142857142857143,8.870967741935484,9.833333333333334,10.870967741935484,11.833333333333334
16,2019,11.70516129032258,14.736428571428572,16.72193548387097,15.551333333333334,21.879354838709677,27.20177777777778,16.740000000000002,22.36,23.880000000000003,23.78,26.78,36.32,11.70516129032258,14.736428571428572,16.72193548387097,15.551333333333334,21.879354838709677,27.20177777777778,6.540000000000001,7.76,8.74,8.7,15.580000000000002,19.44,6.516129032258065,7.25,8.96774193548387,9.833333333333334,10.903225806451612,11.633333333333333
16,2020,11.366451612903226,16.748275862068965,13.879999999999999,16.483333333333334,23.576290322580647,27.234666666666666,15.84,21.240000000000002,26.0,21.56,30.28,32.480000000000004,11.366451612903226,16.748275862068965,13.879999999999999,16.483333333333334,23.576290322580647,27.234666666666666,2.68,9.82,5.16,11.559999999999999,14.925,17.02,6.161290322580645,7.344827586206897,8.903225806451612,9.866666666666667,10.96774193548387,11.766666666666667
16,2021,10.541290322580647,14.785,14.163870967741936,15.564,22.14774193548387,26.375333333333334,22.32,19.2,20.78,24.0,30.560000000000002,31.080000000000002,10.541290322580647,14.785,14.163870967741936,15.564,22.14774193548387,26.375333333333334,1.46,10.28,2.7600000000000002,7.959999999999999,11.66,18.52,6.290322580645161,7.035714285714286,8.67741935483871,9.7,10.935483870967742,11.733333333333333
16,2022,12.250322580645161,14.959999999999999,11.641290322580645,15.308,24.752258064516127,31.109333333333332,20.119999999999997,22.580000000000002,18.18,24.8,31.26,36.72,12.250322580645161,14.959999999999999,11.641290322580645,15.308,24.752258064516127,31.109333333333332,6.720000000000001,9.22,7.0200000000000005,4.9,10.64,24.4,6.354838709677419,7.142857142857143,8.580645161290322,9.8,10.903225806451612,11.833333333333334
17,2015,10.085760368663594,12.646769293924466,13.272642089093702,15.679214285714286,21.904357142857144,34.62,16.62857142857143,18.777142857142856,22.262857142857143,22.650714285714287,28.322857142857142,34.62,10.085760368663594,12.646769293924466,13.272642089093702,15.679214285714286,21.904357142857144,34.62,3.448571428571429,6.54,4.440714285714286,6.969285714285715,13.287857142857144,34.62,6.317972350230415,7.126671358198452,8.72811059907834,9.79047619047619,10.880184331797235,6.5
17,2016,12.23,12.004195402298851,13.326075268817204,16.784333333333333,20.801129032258064,28.066666666666666,17.64,17.7,22.94,22.475,29.139999999999997,34.92,12.23,12.004195402298851,13.326075268817204,16.784333333333333,20.801129032258064,28.066666666666666,6.38,5.08,2.9,8.725,13.38,19.96,6.129032258064516,6.827586206896552,8.419354838709678,9.533333333333333,10.64516129032258,11.533333333333333
17,2017,8.247741935483871,11.689642857142857,15.757903225806452,17.802833333333336,23.3005,29.361333333333334,14.26,16.34,26.160000000000004,25.259999999999998,29.080000000000002,35.739999999999995,8.247741935483871,11.689642857142857,15.757903225806452,17.802833333333336,23.3005,29.361333333333334,-0.9,7.9,3.625,6.7,16.5,20.380000000000003,6.258064516129032,7.214285714285714,8.774193548387096,9.866666666666667,10.903225806451612,11.666666666666666
17,2018,10.784516129032259,8.85,11.767096774193547,16.174,19.756774193548388,25.683333333333334,17.419999999999998,15.62,20.919999999999998,23.1,24.259999999999998,32.36,10.784516129032259,8.85,11.767096774193547,16.174,19.756774193548388,25.683333333333334,6.36,2.16,4.96,5.26,14.180000000000001,15.5,6.32258064516129,7.142857142857143,8.774193548387096,9.866666666666667,10.870967741935484,11.633333333333333
17,2019,10.164516129032258,13.537142857142856,15.783870967741937,14.324000000000002,21.483225806451614,27.093555555555554,14.459999999999999,21.16,23.02,22.42,26.4,35.64,10.164516129032258,13.537142857142856,15.783870967741937,14.324000000000002,21.483225806451614,27.093555555555554,5.4799999999999995,5.76,7.720000000000001,7.18,14.86,19.46,6.548387096774194,7.214285714285714,8.935483870967742,9.866666666666667,10.935483870967742,11.6
17,2020,10.01741935483871,15.560689655172414,12.903870967741934,16.106666666666666,22.857903225806453,27.173333333333336,13.6,20.8,25.82,19.54,30.3,32.88,10.01741935483871,15.560689655172414,12.903870967741934,16.106666666666666,22.857903225806453,27.173333333333336,0.66,8.940000000000001,3.04,10.14,13.475,17.5,6.258064516129032,7.344827586206897,8.838709677419354,9.966666666666667,10.96774193548387,11.633333333333333
17,2021,8.209677419354838,13.179285714285713,13.023225806451613,14.505333333333335,21.214193548387097,25.490000000000002,19.580000000000002,18.439999999999998,20.16,22.04,28.560000000000002,30.2,8.209677419354838,13.179285714285713,13.023225806451613,14.505333333333335,21.214193548387097,25.490000000000002,0.25999999999999995,8.14,2.98,7.220000000000001,10.58,17.94,6.32258064516129,7.035714285714286,8.67741935483871,9.633333333333333,10.935483870967742,11.633333333333333
17,2022,10.946451612903227,13.706428571428573,10.346451612903227,14.057333333333334,23.916774193548385,30.462666666666667,19.44,21.380000000000003,16.82,23.72,30.52,36.14,10.946451612903227,13.706428571428573,10.346451612903227,14.057333333333334,23.916774193548385,30.462666666666667,5.9,7.8,5.86,3.56,10.040000000000001,23.84,6.387096774193548,7.107142857142857,8.67741935483871,9.8,10.903225806451612,11.733333333333333
18,2015,11.711382488479261,13.90870044569552,14.445299539170506,16.46409523809524,22.536794930875576,36.12,18.551428571428573,19.92571428571429,23.125714285714285,23.91857142857143,29.051428571428573,36.12,11.711382488479261,13.90870044569552,14.445299539170506,16.46409523809524,22.536794930875576,36.12,4.777142857142857,7.862857142857143,5.818571428571429,8.067142857142859,14.065,36.12,6.2949308755760365,7.141273750879662,8.755760368663594,9.771428571428572,10.880184331797235,6.5
18,2016,13.65516129032258,13.413218390804598,14.715967741935483,17.636000000000003,21.871129032258064,28.84466666666667,18.18,19.3,23.68,23.549999999999997,30.419999999999998,34.660000000000004,13.65516129032258,13.413218390804598,14.715967741935483,17.636000000000003,21.871129032258064,28.84466666666667,7.720000000000001,5.8,4.12,9.55,13.819999999999999,21.419999999999998,6.129032258064516,6.9655172413793105,8.612903225806452,9.6,10.709677419354838,11.633333333333333
18,2017,9.623225806451613,12.695714285714287,16.86048387096774,18.271333333333335,23.4395,29.3585,15.719999999999999,16.740000000000002,26.72,25.880000000000003,29.48,34.72,9.623225806451613,12.695714285714287,16.86048387096774,18.271333333333335,23.4395,29.3585,0.8400000000000001,8.82,6.35,7.26,17.52,21.14,6.161290322580645,7.178571428571429,8.774193548387096,9.866666666666667,10.903225806451612,11.8
18,2018,12.478064516129033,10.015714285714285,13.525161290322579,16.840666666666667,20.728387096774195,26.297333333333334,20.240000000000002,17.8,22.68,23.22,25.02,31.860000000000003,12.478064516129033,10.015714285714285,13.525161290322579,16.840666666666667,20.728387096774195,26.297333333333334,7.58,3.28,7.220000000000001,6.5,14.8,17.56,6.387096774193548,7.142857142857143,8.870967741935484,9.8,10.870967741935484,11.866666666666667
18,2019,11.915483870967742,14.665000000000001,16.72967741935484,15.546,21.69741935483871,26.967111111111112,16.86,22.0,24.2,24.04,26.52,36.4,11.915483870967742,14.665000000000001,16.72967741935484,15.546,21.69741935483871,26.967111111111112,6.5200000000000005,7.959999999999999,8.66,8.9,15.12,18.56,6.516129032258065,7.178571428571429,8.96774193548387,9.8,10.903225806451612,11.633333333333333
18,2020,11.312903225806451,16.944827586206895,13.807741935483872,16.337333333333333,23.428870967741933,27.022222222222222,16.1,21.56,25.54,21.8,30.28,32.22,11.312903225806451,16.944827586206895,13.807741935483872,16.337333333333333,23.428870967741933,27.022222222222222,3.02,9.72,5.220000000000001,11.4,15.075,16.759999999999998,6.193548387096774,7.344827586206897,8.870967741935484,9.833333333333334,11.0,11.733333333333333
18,2021,10.712903225806452,14.614285714285714,13.981290322580646,15.382666666666667,22.158709677419353,26.168,22.52,18.98,20.78,23.96,30.439999999999998,30.82,10.712903225806452,14.614285714285714,13.981290322580646,15.382666666666667,22.158709677419353,26.168,1.4,10.6,2.32,7.840000000000001,11.540000000000001,18.04,6.32258064516129,7.035714285714286,8.67741935483871,9.733333333333333,10.903225806451612,11.7
18,2022,12.281935483870969,15.012142857142859,11.496774193548386,15.234666666666667,24.433548387096774,30.924,20.240000000000002,23.1,18.28,24.98,31.2,36.52,12.281935483870969,15.012142857142859,11.496774193548386,15.234666666666667,24.433548387096774,30.924,6.36,8.86,6.840000000000001,5.0200000000000005,10.58,24.1,6.354838709677419,7.142857142857143,8.516129032258064,9.766666666666667,10.870967741935484,11.866666666666667
19,2015,12.512258064516129,14.802463933849404,15.340499231950846,17.44402380952381,23.52441551459293,36.36,19.357142857142858,20.845714285714283,24.082857142857144,24.849285714285713,29.93142857142857,36.36,12.512258064516129,14.802463933849404,15.340499231950846,17.44402380952381,23.52441551459293,36.36,5.557142857142857,8.645714285714286,6.688571428571428,8.952142857142857,15.02357142857143,36.36,6.290322580645161,7.151653764954259,8.73732718894009,9.771428571428572,10.880184331797235,6.5
19,2016,14.376774193548387,14.201551724137932,15.496075268817204,18.486333333333334,22.53338709677419,29.420666666666666,19.08,19.880000000000003,24.160000000000004,24.225,30.639999999999997,34.9,14.376774193548387,14.201551724137932,15.496075268817204,18.486333333333334,22.53338709677419,29.420666666666666,8.620000000000001,6.659999999999999,5.180000000000001,10.225,14.440000000000001,22.240000000000002,6.096774193548387,6.931034482758621,8.483870967741936,9.566666666666666,10.64516129032258,11.666666666666666
19,2017,10.504516129032258,13.720892857142857,17.853870967741937,19.4085,24.643166666666666,30.6005,16.740000000000002,18.2,28.060000000000002,27.3,30.839999999999996,35.88,10.504516129032258,13.720892857142857,17.853870967741937,19.4085,24.643166666666666,30.6005,1.1199999999999999,9.559999999999999,7.1,8.42,18.82,22.3,6.225806451612903,7.214285714285714,8.774193548387096,9.866666666666667,10.935483870967742,11.8
19,2018,13.35483870967742,11.067857142857141,14.474193548387097,17.959999999999997,21.809032258064516,27.307333333333336,21.06,18.54,23.7,24.46,26.060000000000002,32.72,13.35483870967742,11.067857142857141,14.474193548387097,17.959999999999997,21.809032258064516,27.307333333333336,8.7,4.14,8.139999999999999,7.6,16.16,18.52,6.354838709677419,7.142857142857143,8.870967741935484,9.8,10.870967741935484,11.833333333333334
19,2019,12.771612903225806,15.667142857142858,17.736129032258066,16.564,22.906451612903226,28.128888888888888,17.72,23.3,24.98,24.9,27.7,37.4,12.771612903225806,15.667142857142858,17.736129032258066,16.564,22.906451612903226,28.128888888888888,7.6,8.780000000000001,9.48,9.58,16.28,20.02,6.516129032258065,7.25,8.935483870967742,9.833333333333334,10.903225806451612,11.6
19,2020,12.138064516129033,17.70551724137931,14.605806451612903,17.267333333333333,24.32725806451613,27.97244444444444,16.759999999999998,22.259999999999998,26.76,22.46,31.18,33.32,12.138064516129033,17.70551724137931,14.605806451612903,17.267333333333333,24.32725806451613,27.97244444444444,3.4200000000000004,10.459999999999999,5.82,12.26,15.725000000000001,17.82,6.161290322580645,7.344827586206897,8.870967741935484,9.866666666666667,10.96774193548387,11.7
19,2021,11.309032258064516,15.382857142857144,14.868387096774194,16.27466666666667,22.977419354838712,27.080666666666666,23.04,19.919999999999998,21.84,24.759999999999998,31.160000000000004,31.839999999999996,11.309032258064516,15.382857142857144,14.868387096774194,16.27466666666667,22.977419354838712,27.080666666666666,2.08,11.22,3.4799999999999995,8.68,12.26,19.080000000000002,6.32258064516129,7.035714285714286,8.67741935483871,9.666666666666666,10.935483870967742,11.733333333333333
19,2022,13.130967741935484,15.87142857142857,12.349032258064517,16.147333333333332,25.4741935483871,31.961333333333336,21.1,23.82,19.080000000000002,25.839999999999996,31.939999999999998,37.5,13.130967741935484,15.87142857142857,12.349032258064517,16.147333333333332,25.4741935483871,31.961333333333336,7.359999999999999,9.7,7.62,5.9,11.48,25.16,6.354838709677419,7.142857142857143,8.548387096774194,9.8,10.903225806451612,11.833333333333334
